match_id,puuid,championId,championName,teamId,teamPosition,individualPosition,win
NA1_5550304472,UL3qXsy63hmThQw39LTtPWK2JI316v5jHX8r_yw5g9A873ElH_KqU7yqFwDTr9ykmbjJyyPz150IYA,235,Senna,100,UTILITY,UTILITY,False
NA1_5550304472,o9UXKEi4u2kwH6F9UJVxFy8x6Jbi2tXl3Y5sFmPaDBR8UseWrTpFpwzfOe2zlVJHtfCuekKhnl7PHA,89,Leona,200,UTILITY,UTILITY,True
NA1_5545162641,iAPisvb-m-cDkpVmzVJtNKdNjTwoIgk-PkKIvRQScvPeed3EFtl80eu7t7HLMqxT-02rGH0KKCBYEw,53,Blitzcrank,100,UTILITY,UTILITY,True
NA1_5545162641,z47LTXaQxM72C5dDdLwpdhuZJVDjcmnqkjE11WKKhqtDPxN6sCOfXcvoiWd7boyHm4mPPRVKXyQEVg,26,Zilean,200,UTILITY,UTILITY,False
NA1_5530609519,Kj3raKvthe46haxKC6N2LOpUK8_VxgOyRUo48bufObv60ihYKBfcifmEArUBygKvFW9lg8liGRYdig,22,Ashe,100,UTILITY,UTILITY,True
NA1_5530609519,LkD9mUW8W5xEDss269mnh1dmIhdsc-kwm3JB7B_YU8bunWSDMar9cVyaeLlrxaNsKOMdzYePViOZjA,50,Swain,200,UTILITY,UTILITY,False
NA1_5530552256,YGIe4YJJm9C8UxGgFnMxB0R28D8eoq7sZd4_7LScRtXGW0bHDMcUuBVvCuwk2ZDTSoc4NT8BiW0gRA,223,TahmKench,100,UTILITY,UTILITY,False
NA1_5530552256,vlZi8mpfS47IqAtxbXCjLUWUq9HZqzumvz1fZQ-sYeYxUnxS6JeIqyGRlO9YXEFTmB-R7ArWN-hXaw,50,Swain,200,UTILITY,UTILITY,True
NA1_5530519318,05ULVbcqTZ6gRRf_HohaNzkVKlnpa-_X1vScIiIOc2pReRoxPXELsq1Zfef21s2ZIe9t5LgfnP-deg,161,Velkoz,100,UTILITY,UTILITY,True
NA1_5530519318,JX2dXFlJi6A2-ZC3Cbzrk6OrAVex80DXcZUIv0oFVxaqlX9MHpWOUdDyyBPydCiNTwpMn4G0FCcFCA,25,Morgana,200,UTILITY,UTILITY,False
NA1_5530453631,cIwprJDDEOWED9M8xdJGihtlVEuGU-Ky_6EFb3dIOmEIWCJkFTYTOQroTGlTeIa3XD8_FaWsDlwruQ,16,Soraka,100,UTILITY,UTILITY,False
NA1_5530453631,SbsffKPsM0ounHImybK0OBVPgFxCabWGWjrCiSTM8L072OjA-MDaV8M-5n9towY26lnrX0I6dqse7g,800,Mel,200,UTILITY,UTILITY,True
NA1_5528323288,kPyS8LqNGZLROI2RBiAmFuHfGdfyZdpbgrRvDDJlsPtEE7J8GFqc8X9XHM9gBueMkzuI3qqTiaRkrQ,350,Yuumi,100,UTILITY,UTILITY,True
NA1_5528323288,gFsKf5Qh4rBOY__MJFf-y8FGeHJbOBpwpUcYmgqaqr9xHJ8cqTnpcyke87fjtz8thkkLWTg4Xh-Krw,99,Lux,200,UTILITY,UTILITY,False
NA1_5528261632,N4Ucbvt6qdeoH1VfJaBsj7EuN0GGyWMQ8KMoe93778iJftdIrPCnMBZ1pTuVx2SqdaSX2CG6NVnUOw,63,Brand,100,UTILITY,UTILITY,False
NA1_5528261632,_Nr1xAnhoVXUOFWGdTnFhtqN0a7-pGUwJR4Fp_EaiktKxtle7tpWmSSALx9BzYBZJtCZUVsz7XTC6g,902,Milio,200,UTILITY,UTILITY,True
NA1_5528205654,ab4PmhAyEpvzEw51aPVlwgTOu_IcmlozwTx_T69q-v6pK94kF5fHSC5CVfF3CCJEXt29E0vq8XxkkA,432,Bard,100,UTILITY,UTILITY,True
NA1_5528205654,VD2cNNSwB-bysHQSrZN2UFRe1TclyH1YHnCiDcl580bTCOiJsZlNAV5hyRp64HQxryZ9GH1upZX5hA,201,Braum,200,UTILITY,UTILITY,False
NA1_5528156361,T9s3zc9-XYqvtsLSMhOQMg3oefcYHVe44CNz32dwOtyXCRrcG7bT9-cCI_k-2PLKDYjOYrwEDPJa6g,78,Poppy,100,UTILITY,UTILITY,False
NA1_5528156361,PB1X-4cLlhscH2Eefb_YwHYqWlxTpCRDhrYJAjXeopNAIxyh9abZUX6Lc7QvLBtyykBumeZX0ZEVTw,161,Velkoz,200,UTILITY,UTILITY,True
NA1_5525403007,Z_YMUflMm9sEKm__c6-o_Ft-sHDjZnJCPTymduHQLIfMCRKre50Ww_wM__GTurZ4EW6_bBd6lH8dRg,902,Milio,100,UTILITY,UTILITY,True
NA1_5525403007,Q5tPr4VoHQO40KOqRSjQMkb10Uw1uFX62YNk0ZJNYLR4F3k5hRus6RZxNDNbblocQhEc4or40vRRtA,22,Ashe,200,UTILITY,UTILITY,False
NA1_5525353826,Q5tPr4VoHQO40KOqRSjQMkb10Uw1uFX62YNk0ZJNYLR4F3k5hRus6RZxNDNbblocQhEc4or40vRRtA,235,Senna,100,UTILITY,UTILITY,False
NA1_5525353826,aR4kX2Lsqjbrp1WRsnNKQIJurl1i2wXmefHKCNK2QjuMno3yVRR1KpYDeK7OZ8EBcNT6WlhkUgU6AA,518,Neeko,200,UTILITY,UTILITY,True
NA1_5483045052,YLh5UkabtUMR6xsxYSZGpFmJM1irrKUoXAWonAwUEtN7gflEi-PfmP3icQksXp9jqW6VftQOx0i--A,555,Pyke,100,UTILITY,UTILITY,False
NA1_5483045052,LHuwAl080Z_R4MDfglJoKvh82Ln6GQRWwWeCf8eGq9CSZaiOI7h-cSphPkjCPQMx0-LfO_I1nWvMkA,25,Morgana,200,UTILITY,UTILITY,True
NA1_5483008437,mmRusI-lOFBGXfz0WWKeQNqHQ7mKr-TFgghKAdZARUIwQJ9juLIbLBMfA8xUynj-S9iIlYF91R-fOA,800,Mel,100,UTILITY,UTILITY,True
NA1_5483008437,IR_STaPiJAFMs7owMcl3CvKxPyXcVZdxQY0m-JpVBcr_9L3NMPYLIPgZZcvFjUI8uRYcGEHzVCXiVA,117,Lulu,200,UTILITY,UTILITY,False
NA1_5469494432,Q5tPr4VoHQO40KOqRSjQMkb10Uw1uFX62YNk0ZJNYLR4F3k5hRus6RZxNDNbblocQhEc4or40vRRtA,235,Senna,100,UTILITY,UTILITY,False
NA1_5469494432,xwHgS_-h92x_JotnFDrf1XctgGhy0HaK4K_AyAHBKfreeUKbHPBLY0_37qxOnk9_SmWotkHUaAaOiQ,78,Poppy,200,UTILITY,UTILITY,True
NA1_5469432787,Q5tPr4VoHQO40KOqRSjQMkb10Uw1uFX62YNk0ZJNYLR4F3k5hRus6RZxNDNbblocQhEc4or40vRRtA,89,Leona,100,UTILITY,UTILITY,False
NA1_5469432787,BoAZi1wl6Hl2D3IJqXk6vvLfBSjRo8Ln_WA11hIxFop9uNF4bg31cYYMk-HZe77mQRII0BOaD8iXLA,25,Morgana,200,UTILITY,UTILITY,True
NA1_5469356601,vukcZBWBQquN7tL-CQrOZaGpm9p22jLqyG1Y5q3V46cb7c_UXlMLt0_uuR1pkvluvDdeqAaOteR_ng,80,Pantheon,100,UTILITY,UTILITY,False
NA1_5469356601,Q5tPr4VoHQO40KOqRSjQMkb10Uw1uFX62YNk0ZJNYLR4F3k5hRus6RZxNDNbblocQhEc4or40vRRtA,22,Ashe,200,UTILITY,UTILITY,True
NA1_5463906073,tuLhFZNRLQkacBGBC1Yt5KCsLef9d0lCLG1_WpwieU5TAXSDmCYVEe6bUn8XxBzS5cUkoklsbpplrg,143,Zyra,100,UTILITY,UTILITY,False
NA1_5463906073,akvPY3oG_w-jSOqLxjrclUnlY3A00u54PXnE1HfsMDdron0fNLresqVWOVguRq-HqEViGVnaYicbpQ,43,Karma,200,UTILITY,UTILITY,True
NA1_5462976501,BR-NxmLH_c4Z8Az6nQSCwRamq7YAI_DL9p7egVDQzHQZrV-DWcErkQePBLqO88LR-n6yubQeRUWD2Q,16,Soraka,100,UTILITY,UTILITY,True
NA1_5462976501,-i1GSVpHlTGg3zBF-8kcNoevK5bTdZxV0mH5PQJW1FfqZaM4t7a6O1yG9f0gVLoGm5B4For-qcT_wA,40,Janna,200,UTILITY,UTILITY,False
NA1_5462935184,8aRIajnIho7dqeeBahp3Gd_i5tHpvvqa8spEJSI6zdk91OAonmEuUrhj9VtHkPi11rpPOvRbf5L2CA,16,Soraka,100,UTILITY,UTILITY,False
NA1_5462935184,QjOCq92VHWd-CFCIJy-d6hcUpFLfWKtdH63NBxsToOAMywU9vp4uTyC06oWuuoFAysH0V8zfJ06R5w,25,Morgana,200,UTILITY,UTILITY,True
NA1_5479789148,BYXB-hIay1BFyagaM8DYVcL_V9Re2E9hy6NSWM2uFa_HapwEPc9MsZ5CnWySVHpt2zXKr0padLSapw,223,TahmKench,100,UTILITY,UTILITY,False
NA1_5479789148,7BCW4hcMYIiOAudYCtpvewbDlRRq_hV8gCQy0Y8rg2Nc-Fb8TG9egU_eUteEXwp-Nd0Y8TkkI6p8ZQ,50,Swain,200,UTILITY,UTILITY,True
NA1_5478881218,oY-2-vO4s_kANQnvpt6vlMGzL80mjucs7WmaBs-DaZy25zD0a9L_Zgunq8gLCkNEjStq4-qpR1mULw,50,Swain,100,UTILITY,UTILITY,False
NA1_5478881218,HezVoi_G0Rxv0KxoDgMFvIsGNTZ6s7q74Z-AEbvoeCQt73T_ORggSqlCe7WL4oduZnA-KbCQpJtMPw,99,Lux,200,UTILITY,UTILITY,True
NA1_5478845651,NNP3ujRnDW-bF6sDAeLTrKNGihOVppHfqRjlxMkU-Ej2DWLQlcwnEl_TZNLz4rtoobfIaVrSEibusA,497,Rakan,100,UTILITY,UTILITY,True
NA1_5478845651,4XSuRqeY1v8N9UlVzeAvgPsNQrsNkN2yDh48nPqbG9f7Shj7nwsTrZ_KxvmgIXg-iP3sQZqTyoiEHA,53,Blitzcrank,200,UTILITY,UTILITY,False
NA1_5476759038,1r7JSOnPNTFmFtNDfbx2csXb00cubfQKfC-m9SoUS1Sbyh8sCxE6IXSYjWIimjzO1BoDXX9OdFR2sw,53,Blitzcrank,100,UTILITY,UTILITY,True
NA1_5476759038,jwMwXR_AjEnGCk0fzJOvk_vCW0Ystq5tL5Lq65YMc-1KseoXnK_pYlmdQ0uNR6ajTFwKvg8DFPpJDA,235,Senna,200,UTILITY,UTILITY,False
NA1_5475403249,wawiKk_6l0teBYRzSa6dRMvlezV43NeiHdJPnVucixjPK0b0I76Qy0HXy4dLKLfIoZ5i8708L6yg7Q,37,Sona,100,UTILITY,UTILITY,True
NA1_5475403249,R2rJDJbJmElpA0Mf469iIVitNLYY_uTAOUvDU-BZ7odSl31h1mVyZH0xB-D0T_F-qFzo33Wnd6glSg,267,Nami,200,UTILITY,UTILITY,False
NA1_5475400121,S5hce1xLXnHu9d5SrJ-aTPfHmYpM85gbZ529i1155PpSFEkn1hs5ZfcUgBhQlQQ8RtI8dQ6Bs4CQPA,99,Lux,100,UTILITY,UTILITY,False
NA1_5475400121,ldiSsklDDdnAu2Bbn0yRxH_65U3jWkkIYWkc7l1x6c-sM3i92uHjZ_81nmK0mE345RtKUCHwY4g4LQ,910,Hwei,200,UTILITY,UTILITY,True
NA1_5475390709,EVjzwt-vidgDgGaELidruTKiGsOCkjAoTR1Lj3px8srpLVlliifSUgPlcpq2nY1hBopRf0Xhkgx5gQ,99,Lux,100,UTILITY,UTILITY,True
NA1_5475390709,NxHCA6BtfKBSEPY8uWrmIYE_2CwQCC8bR4YNeNv2alHDhtylYKK_kkq0BalTWrKychiVEwtC-qYAIg,3,Galio,200,UTILITY,UTILITY,False
NA1_5475384867,4JQVa-_B2gtGCkgB7L_i6_rJrjfJoN1NiG2Dkn1WFmzXb3NG9NKbKYKbFcWbufidKhYwKJK2xLtbYw,25,Morgana,100,UTILITY,UTILITY,True
NA1_5475384867,_HiaHcWO1lz6XmkQA8Jlborw5fwD7IS4SudCXCOAgDfG_qDrxKaHQoAKiB-QoV0TqtfG0sUcj216lg,267,Nami,200,UTILITY,UTILITY,False
NA1_5475366744,lixyO8d9P5b7yu7XeQGpwAc-NUxdYKd_ppjjOgVeyzU0l4-Uz2TCuG5gXKkELZhqPiE5qne07p9UfA,44,Taric,100,UTILITY,UTILITY,True
NA1_5475366744,O3R-NI480boh_-4zScNI5Q_g_OVkJCwdOFkwAsMfc1GdqXZi-g4Z5cS3XCsmvXHBNs0s8sQiYkR6eQ,350,Yuumi,200,UTILITY,UTILITY,False
NA1_5475352020,q0ssRyyLnJaS1JeF8Ml-cUujIfZwkFGP7tbMlwxuit1BgAIvtDZyi5qnoEgKrW6RAnNPZrKBFWllFQ,555,Pyke,100,UTILITY,UTILITY,False
NA1_5475352020,lEOpJBA43_-rjlzXCpVCCVkmP9tNTh7dyIEwMD5byKS1aRNwKMgNDLViTYyrIX0f9NuQZ-aT70gtOg,518,Neeko,200,UTILITY,UTILITY,True
NA1_5554005231,LBIg2k5fCNbUGMESy8Gh5hJH9ZupZGwKdwodsu7rNwdKhaOy5_ZjEDJ9MWwKmWcf35kMgsWxGpRqrg,902,Milio,100,UTILITY,UTILITY,False
NA1_5554005231,riF0SG77OpBPPR95Rv_BIVxj9BVkiLSkZwFnxvBpAtLufBwu4H_0hioZlshktTtN3WR_yj0bPsHjWw,101,Xerath,200,UTILITY,UTILITY,True
NA1_5553993381,LBIg2k5fCNbUGMESy8Gh5hJH9ZupZGwKdwodsu7rNwdKhaOy5_ZjEDJ9MWwKmWcf35kMgsWxGpRqrg,147,Seraphine,100,UTILITY,UTILITY,False
NA1_5553993381,JdZjKd3M0vUDOYjTuc_bcBeE8sE2GJUJ9toNYitbeMio08LI9eQfn1XTNjphMIet4f7s9x3VLgwlow,50,Swain,200,UTILITY,UTILITY,True
NA1_5552809750,LBIg2k5fCNbUGMESy8Gh5hJH9ZupZGwKdwodsu7rNwdKhaOy5_ZjEDJ9MWwKmWcf35kMgsWxGpRqrg,147,Seraphine,100,UTILITY,UTILITY,False
NA1_5552809750,iUJ-TxHQCQef_0duUXjK2FmyK7CyPX6liD_b0gIz9eIqkeZhapRuPm9Z5PzqS0eRXH2hvOidZ29duw,888,Renata,200,UTILITY,UTILITY,True
NA1_5550553585,fMRqAEOoMWmQsJ2XiW4jHImfAdIv9t5sbWsK48xfV5sAQVVqn4el58ExdgvsFT1R3bUICyLCQUvtLw,37,Sona,100,UTILITY,UTILITY,False
NA1_5550553585,LBIg2k5fCNbUGMESy8Gh5hJH9ZupZGwKdwodsu7rNwdKhaOy5_ZjEDJ9MWwKmWcf35kMgsWxGpRqrg,147,Seraphine,200,UTILITY,UTILITY,True
NA1_5550551876,ZG6j9xhIsCt-gF2GgXQX-gYcgPVTDm5kJdXaOwdoDbn8Yp7TDlM4a6G6av9h2DcUJthKqPiw66frJg,43,Karma,100,UTILITY,UTILITY,False
NA1_5550551876,LBIg2k5fCNbUGMESy8Gh5hJH9ZupZGwKdwodsu7rNwdKhaOy5_ZjEDJ9MWwKmWcf35kMgsWxGpRqrg,147,Seraphine,200,UTILITY,UTILITY,True
NA1_5550287225,-_0C9IMY5AvABikS5R8d4ME3vf86PzdYW5FjzGK1kF93Pztees0f9kFY-PW45pToX9x0NfEmqpGjow,25,Morgana,100,UTILITY,UTILITY,False
NA1_5550287225,LBIg2k5fCNbUGMESy8Gh5hJH9ZupZGwKdwodsu7rNwdKhaOy5_ZjEDJ9MWwKmWcf35kMgsWxGpRqrg,235,Senna,200,UTILITY,UTILITY,True
NA1_5550226498,LBIg2k5fCNbUGMESy8Gh5hJH9ZupZGwKdwodsu7rNwdKhaOy5_ZjEDJ9MWwKmWcf35kMgsWxGpRqrg,147,Seraphine,100,UTILITY,UTILITY,False
NA1_5550226498,eHQrCqYDLAE11SqH30rx9rGEW1yR5MCIXXpJGk4ga5nfPwdc9cdXTY4pGRjr2KVEXv5RU5yytqBbww,89,Leona,200,UTILITY,UTILITY,True
NA1_5550184107,LBIg2k5fCNbUGMESy8Gh5hJH9ZupZGwKdwodsu7rNwdKhaOy5_ZjEDJ9MWwKmWcf35kMgsWxGpRqrg,147,Seraphine,100,UTILITY,UTILITY,False
NA1_5550184107,FGm-xQIq82rM7JHrDeZhXsrkkf2nycBcrysxQ7aDw-ncsCfdnOxF4JPdHgYzn4aQcCR1zGmG6ZqmoQ,28,Evelynn,200,UTILITY,UTILITY,True
NA1_5549316146,LBIg2k5fCNbUGMESy8Gh5hJH9ZupZGwKdwodsu7rNwdKhaOy5_ZjEDJ9MWwKmWcf35kMgsWxGpRqrg,147,Seraphine,100,UTILITY,UTILITY,False
NA1_5549316146,MzmoBtWVh2NCjT26tpt23qCnYCYqBPxhBk27IRdvhCW_2y5plttPZ7341BIinAUapNKQn8-w9uGOLA,98,Shen,200,UTILITY,UTILITY,True
NA1_5549302138,wrsuvGdRmSHxj845cOe6nCovGexP_o7S_dh19yUUsJ6--87h-FSJIjJv0jaXdFUkxanZKO_iRvLB0g,99,Lux,100,UTILITY,UTILITY,True
NA1_5549302138,LBIg2k5fCNbUGMESy8Gh5hJH9ZupZGwKdwodsu7rNwdKhaOy5_ZjEDJ9MWwKmWcf35kMgsWxGpRqrg,147,Seraphine,200,UTILITY,UTILITY,False
NA1_5555032682,GPyNlKBpv9gTHUWjA_VxjJOLhi1bl5cSfLU00CCG-zlCF_m3fahW58GFk2VE6a8GTrNaWWc30WE1kA,12,Alistar,100,UTILITY,UTILITY,False
NA1_5555032682,tISONd6zJC3_MD89zRDswQpBWrPmjD6ib2-NOKbTdN5GjfJ3NAozwhQqCC2nXQ2cEAihtL5ppx5b3A,127,Lissandra,200,UTILITY,UTILITY,True
NA1_5554785028,WEmYKlWgKh1Lmd9201GjS_hCAl-Rdhof4ewE6vTYqvocwh_joYmYyl9OvTiL-QFyxGBb-AVfp_iE1A,50,Swain,100,UTILITY,UTILITY,True
NA1_5554785028,QF18OiDJHqw7d-pgVG7BIZWreFVx2rBt328kpEMW0RiDcUNmnAtjYrYT8j2gvng6eT6JMC5XOeE-Ow,526,Rell,200,UTILITY,UTILITY,False
NA1_5554764595,vn-3oPLuTAxtqlnm3rmG2dC1xh2_Jim5yd_dM4cKnBbJKZHkDwApvSPFcTPuijT6MQCs32yR9gCwBA,111,Nautilus,100,UTILITY,UTILITY,True
NA1_5554764595,y3XZDp8CfLyVQNo0crd1hf1nfm2e_Yf_VyIVJqRW7w8cUWqfPktk-e8SP1z9l_klEgyefCf-Vz3MJQ,147,Seraphine,200,UTILITY,UTILITY,False
NA1_5554695486,yXwdFftAD4nki43Ylchxp3YIN8JOmQslYP7Jqhr8RCNpN4r6bAulyDJyvdJODDzd8Yvcs5xIrIVprQ,25,Morgana,100,UTILITY,UTILITY,True
NA1_5554695486,W-e3duuLJZvdZnQZkO7ZpLkpjsWadCKFbr08tqJjuaXg2HBBs7Wm2GABfG53QY3RI2siSirqEqnItA,80,Pantheon,200,UTILITY,UTILITY,False
NA1_5554684913,YrnAc_S_kbeTfXwPxOgw4liHQjfaJYFNcvVifv7CfwgsWToymDL98dKgSh2nvv-I3gHJDCSW80B48A,164,Camille,100,UTILITY,UTILITY,False
NA1_5554684913,_LaSjRAaxbzioCM-w8FSRJljxj0vltejNGTFzunM5kq9dbGpfjkRrulI8aNaVPjwflK4tYM3zzxlqg,350,Yuumi,200,UTILITY,UTILITY,True
NA1_5554426638,Y_96B69sJndyxOvmfH1bTWaDuwZryxyr3T6uoSF2RqP_dNfjrY50EhPh3KYMFa0Wl5XERX9wXBnd4Q,99,Lux,100,UTILITY,UTILITY,False
NA1_5554426638,tUoIph_FLTKEP-7tOnSXTixZJbNmbVP6xPx09jqNZuarvKCEdGpo6ZFNEvvAAlm3jqrT6dgEYLzebA,25,Morgana,200,UTILITY,UTILITY,True
NA1_5554402876,FHkw14A4vVIC4TScY3HqmX4tw75DZwR5uePrh6rQLVfQYefQ24dmwOO291xKxpw7mGneSj7EfvBkNg,89,Leona,100,UTILITY,UTILITY,True
NA1_5554402876,yJA73Cemy_sqM0doHsestkyioawvH_6rSWmaqUBinksEAUS1fLoK13iXBkLVeBDypl3N5k6STMRswA,99,Lux,200,UTILITY,UTILITY,False
NA1_5554186926,FAY5sp_To7rRanODHjRQ9yuTyC2DNA8BgeJmJ-d0qutMAMAl2UfjYEbEM3O5VG6bmywuSP3oHTql3A,99,Lux,100,UTILITY,UTILITY,False
NA1_5554186926,kPElJyHEU7kJzEmSRUuUIUilAewzUQQfyT2M0PC2Da0fPVnudnEBeRSQexn9LVamViyp4ARq_Wr29Q,25,Morgana,200,UTILITY,UTILITY,True
NA1_5554163249,ebHcpuYpGN--7kgPK0D4FAluMeakydEkyTfBM4UMU0UeQdOYze7dSb2NHk7T-IDYSQA2h-u3AVyJJw,432,Bard,100,UTILITY,UTILITY,False
NA1_5554163249,K87ZyJFV-3zUuuIp3neYbmphwr2YPKBnz_5er8r8NoSiwOJddEqRHuIj3F2_gBIUukFINVcZKqWkXg,111,Nautilus,200,UTILITY,UTILITY,True
NA1_5554152469,Z2QdUzn7GHgfTJTTR-r9k7R9pIYz07-HAwZ6btItcmx0ruvhYCsNpyw2ZS1EPnvgC4aYAPy1SSoNag,19,Warwick,100,UTILITY,UTILITY,False
NA1_5554152469,dD62Zn4u8oU1KNT9eOAkL7MJaqLMKIt0XayWyYuRY_ntR9eKy5JAv_lQd43oBQEBPaxrKvHMUdf8Eg,147,Seraphine,200,UTILITY,UTILITY,True
NA1_5539330511,RTH_motI3QQ9tAVgX9fa4IPhapDmntT0bbVZ8Y0HhA-1CQxG0xEjAjQf1lUXYczVon2jmZfch0dvSQ,99,Lux,100,UTILITY,UTILITY,False
NA1_5539330511,OSiJnL7eQ-9xq1kX4_9a8yD_8f38O9cgLlfoJ3n3yzHJjC7zaCQemLudFTDv8_Ee-h9yhLM2Bxargg,111,Nautilus,200,UTILITY,UTILITY,True
NA1_5539288089,WAeDZT11iKHhIqQq-DtcyvclW-Q94c-_gN59y7xJ_9baibLGe6UAlfAVsWRJn9h7zQfsYF1Jyr__xg,99,Lux,100,UTILITY,UTILITY,True
NA1_5539288089,l8vg2_A1h1sRXq8qENxT4t1cvl9aFGVSilJV2BR7JvsNQyMW4Ar-12z8Ji0Pg0wNtrfGeUjacK3B6Q,63,Brand,200,UTILITY,UTILITY,False
NA1_5539244563,VML37uRiByznAiamow-MZa0svp7NLcbBlA4Fs8j8QQVd9UYY-Q36kxdiOikfJH8hoCuC7OUJOGwdKw,526,Rell,100,UTILITY,UTILITY,False
NA1_5539244563,uwNplRhrYYlrRgxEJl3NqkHYRX3ndEBrSruhqyjDkeigOYDbkHU5T-MY6FqYyV478B6DMUqwSyFCpQ,89,Leona,200,UTILITY,UTILITY,True
NA1_5539199400,XCtXx-5c5QGVdAP5lF-_fsmI4Srp1dqd5akh0DwcVIygEI4pCUTx7xqw2HiPlRrrIySHiN3PjNWWdg,143,Zyra,100,UTILITY,UTILITY,True
NA1_5539199400,arGou3DbF_3U_4bTNCh4PiaPKIG5QsfXcKbORcpOWBGfytNbjj5ikCPfqmDTcMy8Lw5FH6rhvcOZxQ,147,Seraphine,200,UTILITY,UTILITY,False
NA1_5539178742,evnLS7nS8YlecqpqIxqA3q698RSJDTetAkL28u960PotShbHi8SoC2YNvmoMo0obl_h1GEUMxU2O9w,497,Rakan,100,UTILITY,UTILITY,False
NA1_5539178742,krKgrcXLEiaw4gNL3otYlYH5Ph17OPhFmbAF3CIJezx3Kiz8hKLePUCBG2XVQIufeE__BjngF0p94g,518,Neeko,200,UTILITY,UTILITY,True
NA1_5539109156,O0aeIW6sk058ItqOuc3PeqpzRcpkUedbqknxlxaFF6VXbiloDlgP99KKFY-WfuA5agvNJUCEegrw8Q,25,Morgana,100,UTILITY,UTILITY,False
NA1_5539109156,8tUNTL3UDNKYE5Y_3kIzBevBZI1aELe2HeZU03zzXsnshw-BtZGXcbBVoFj1JiUYW9WwOhqTN-fz6w,53,Blitzcrank,200,UTILITY,UTILITY,True
NA1_5539096933,Bvg2xT3ug3Il208fVIZNqWoEHPLEan_mX8XlIDsWa-vx9NrXdnGvBqRHFPezsPPQZ57FwZjEbapWVw,74,Heimerdinger,100,UTILITY,UTILITY,True
NA1_5539096933,vTYKylPakxyC6mUGS4zuB7ykuage-LEInMEIdHr24LdqH6DRyTB9ShFpISTqi6TQlyZGiHDWgkG0Hg,99,Lux,200,UTILITY,UTILITY,False
NA1_5549714682,hSjaot2ELT6aEsgaPOZ48qlTTXAV3f6FWkqOUaA_T7UdMF_Ix7cSLs7BaV5L3vO6Nta4vsP2gB2LfA,497,Rakan,100,UTILITY,UTILITY,False
NA1_5549714682,ZmZixltIPACRh1RQtQLpdCB1xwXE1W6NUWDYdXXsNyAfE2EN5rMJ93Vnzt_fk5vTGm7JE_MIBlnrmw,555,Pyke,200,UTILITY,UTILITY,True
NA1_5549684972,5Md4qknThPGKwBrTY65p8Nh6hAKwExTMXZzOcH6XlHGgyjcjJ4HKwAQxu-rns1zjQGU8hlIoTbgU2w,99,Lux,100,UTILITY,UTILITY,False
NA1_5549684972,hSjaot2ELT6aEsgaPOZ48qlTTXAV3f6FWkqOUaA_T7UdMF_Ix7cSLs7BaV5L3vO6Nta4vsP2gB2LfA,223,TahmKench,200,UTILITY,UTILITY,True
NA1_5547066058,hSjaot2ELT6aEsgaPOZ48qlTTXAV3f6FWkqOUaA_T7UdMF_Ix7cSLs7BaV5L3vO6Nta4vsP2gB2LfA,223,TahmKench,100,UTILITY,UTILITY,True
NA1_5547066058,b-9qOlkPnPmMcwoBhyyAS7mvCUOWj8eMUDHRR7gUN12vq-X1IPeEGnqGI7LB8pGR9SI0WYuTJ2PQJA,555,Pyke,200,UTILITY,UTILITY,False
NA1_5541956986,paEBKQ4vxJTk2zFNV8hesvoNuJIFoF6ojTtWaI24a8EtB5o4ZcZ-YT3sJuha7EEk7ZbsufhJ7zQ2YQ,99,Lux,100,UTILITY,UTILITY,True
NA1_5541956986,hSjaot2ELT6aEsgaPOZ48qlTTXAV3f6FWkqOUaA_T7UdMF_Ix7cSLs7BaV5L3vO6Nta4vsP2gB2LfA,223,TahmKench,200,UTILITY,UTILITY,False
NA1_5541798526,hSjaot2ELT6aEsgaPOZ48qlTTXAV3f6FWkqOUaA_T7UdMF_Ix7cSLs7BaV5L3vO6Nta4vsP2gB2LfA,223,TahmKench,100,UTILITY,UTILITY,True
NA1_5541798526,TqueUBNN3NkOAz5jEMbt533-9kHAYsHtbxOcekaX6R1imMaafIJNrJvgAABMKYCl5kpXeoxIdM52Ug,350,Yuumi,200,UTILITY,UTILITY,False
NA1_5514522251,zWyVrIgFpNjx8JI-2A6Pz2g8eOO95iyTHkA60nPhfLVn36BmCd5nOqSR2S-F1_5RSkh_2RypEVgiqw,57,Maokai,100,UTILITY,UTILITY,False
NA1_5514522251,hSjaot2ELT6aEsgaPOZ48qlTTXAV3f6FWkqOUaA_T7UdMF_Ix7cSLs7BaV5L3vO6Nta4vsP2gB2LfA,235,Senna,200,UTILITY,UTILITY,True
NA1_5514385656,hSjaot2ELT6aEsgaPOZ48qlTTXAV3f6FWkqOUaA_T7UdMF_Ix7cSLs7BaV5L3vO6Nta4vsP2gB2LfA,223,TahmKench,100,UTILITY,UTILITY,False
NA1_5514385656,HH3fSuNIsbGY2PTXtwvcKd8dpaOmjsiRUg5pBCRBteAQX_x3xrlTMHYfE2a9IYSeDGjaE3tALhjzIQ,26,Zilean,200,UTILITY,UTILITY,True
NA1_5514384812,2iFiPwzPOFG63mQFXD4XpAoIg_Yrzs-xhDwNxBb9Eq_sz61IYX8Bzhl7WOdbQTRD4dqlYN1Y_Lnp4g,267,Nami,100,UTILITY,UTILITY,True
NA1_5514384812,j-Ae53OSBraYMW_sTZgMpjUkvav9vfh41_ztpLHNZds0xpAd_l6X7TB3fywxbRNgaK22Okeb_HH99Q,111,Nautilus,200,UTILITY,UTILITY,False
NA1_5503224177,GUO-OovcyMEpSeArdWEi1APFvH70-Qvp-VKKkBo-u-y7qQ23xeS8ylbqi56J0rl-ct8ngyHuoy5vCg,78,Poppy,100,UTILITY,UTILITY,True
NA1_5503224177,Tr3savqA0j24i2V6EIODH_K7PTgdQSLmEoJl3hZjvhSsvlRMmpwR-_QXJKgGlVbBAwwUcQsFY8BH9Q,526,Rell,200,UTILITY,UTILITY,False
NA1_5503180403,JRAAiD5-Y9i3njWA4Tfm9Gc83xkJOYNuB1Cxsvqf0G7QvqEgAcfj4W2Bzo0I0cA0U3j5zVgcHXgj5w,44,Taric,100,UTILITY,UTILITY,False
NA1_5503180403,hSjaot2ELT6aEsgaPOZ48qlTTXAV3f6FWkqOUaA_T7UdMF_Ix7cSLs7BaV5L3vO6Nta4vsP2gB2LfA,201,Braum,200,UTILITY,UTILITY,True
NA1_5470733753,wukCbbCnnSAjRDeWkG6rWj_7GzuktsBddKTfSZBkikPZf3jLFpHX-B6WiFlMIc22naOB174ARzqYqA,89,Leona,100,UTILITY,UTILITY,True
NA1_5470733753,pnEertzantEdsnIBjDVTNZ-uWc_vDb14d4yo96iGAmJph3kDQUWo0vjypchZkMM-7hkBk3Z1fcYQDg,115,Ziggs,200,UTILITY,UTILITY,False
NA1_5470709010,FHBCeAOLlDRFfaMsFdgVa8Lz7yEnRlk3YWNYc9idA5VzvnZ5kp4afbQLN-1vJwtWONAHY-fl63Ssbw,235,Senna,100,UTILITY,UTILITY,False
NA1_5470709010,TEarjh05qdteRrjUcQ0qffPGVU2hD33Zls9WQWV6MyxinQvAs32lguUun-Ldm7iRWvGWw1_6sjpeBg,37,Sona,200,UTILITY,UTILITY,True
NA1_5470605726,AfKm3dCjdnVt1kwX8TOpN2fSzGVBcDxU05zGuCmtkP890Jz9QkBR5MHRd15qhMBfrzgrIyqlE1hY9w,902,Milio,100,UTILITY,UTILITY,True
NA1_5470605726,hKePCGS1L048vewFhrjfA6KykjgWg1qQIKjd94jWElFlQfWzUvoyX22t9IfUwu5DChR8wruhvQAsPg,99,Lux,200,UTILITY,UTILITY,False
NA1_5470603741,2ZMmLVMDHu2djKJDZllq5gywzd5LO9p9RHio8tmsU1hfUpMUcstmRU89tnHY2hPS61q2sWee8ckxeA,99,Lux,100,UTILITY,UTILITY,True
NA1_5470603741,hKePCGS1L048vewFhrjfA6KykjgWg1qQIKjd94jWElFlQfWzUvoyX22t9IfUwu5DChR8wruhvQAsPg,40,Janna,200,UTILITY,UTILITY,False
NA1_5470588655,w30HAIdafu0p9ozcY6ep4mFDFHU7Hw-5Gk8_W5JtJajBVKfTjyvhqCMilOcM5VKwAmPz01EmZ_8E5Q,90,Malzahar,100,UTILITY,UTILITY,False
NA1_5470588655,2ZMmLVMDHu2djKJDZllq5gywzd5LO9p9RHio8tmsU1hfUpMUcstmRU89tnHY2hPS61q2sWee8ckxeA,99,Lux,200,UTILITY,UTILITY,True
NA1_5436670995,qCQGerknqPqgzo1neScJviXFcOilwl2SL1Xxcecr8zl5KLtJS5H5uhNPr6RjxVoBplh_G8PgL8FVCQ,201,Braum,100,UTILITY,UTILITY,False
NA1_5436670995,SP2KQP5c2IOIv8cx8EPsEwW1ZDiorE8hXTs8cb-co1SIqeNXG8n0_67E0jBQt5NUDDfcaYn1gHFpmw,161,Velkoz,200,UTILITY,UTILITY,True
NA1_5436619252,1o5FPLS54x3xQ11BbT03Jp5CJVu7tUZeT-_QAaoB6JrsB8Zjh7GfY4p1LktXel4_SCPbcCvPhyNAZg,63,Brand,100,UTILITY,UTILITY,True
NA1_5436619252,ZXiVAFZVrPSssNDVRB2L84EBw4MA6iJwumZLSmAo2juAOkWXzc79EvBth5P4h8X8ORPkZQiTtzAR8A,111,Nautilus,200,UTILITY,UTILITY,False
NA1_5436606394,G5AwWL5hMThjyCa7qWOzZ6dCnqTaQTa0tYSXe1-_KmmzkCZj49I0uLrPOs0O0hTXWIxXUtGiP86c6g,89,Leona,100,UTILITY,UTILITY,True
NA1_5436606394,uqDEczLolArZKZ7mR3E-q67F8CMiscLJQD2Ow21c127GxVmO118HYXm4crvtuIrP4A8V92J4MTgYwA,902,Milio,200,UTILITY,UTILITY,False
NA1_5436596930,uqDEczLolArZKZ7mR3E-q67F8CMiscLJQD2Ow21c127GxVmO118HYXm4crvtuIrP4A8V92J4MTgYwA,902,Milio,200,UTILITY,UTILITY,True
NA1_5435366249,msDwjhIZA1ijwRpG1LYWsBpjXWNb40_bKbIEVeC3YcFDTeRR4nkBJ8m9Cd1cHcwNScMPSYz_IspWKw,147,Seraphine,100,UTILITY,UTILITY,True
NA1_5435366249,uqDEczLolArZKZ7mR3E-q67F8CMiscLJQD2Ow21c127GxVmO118HYXm4crvtuIrP4A8V92J4MTgYwA,25,Morgana,200,UTILITY,UTILITY,False
NA1_5554693852,CbcPqb4S5zcjycM4_pu4m5IDWEA71fiJlq-e07uhujXS9mib4cVkIYvmou8KoiYt-yiVXdAPQm1YUg,267,Nami,100,UTILITY,UTILITY,True
NA1_5554693852,EUi3afaEJBZNjZderaXn0JDnyxhGs2FT7LznlFDM3j23b8ttzAWfF-YFRy9tqbCu4-2R7N9zmNWPFg,147,Seraphine,200,UTILITY,UTILITY,False
NA1_5554064263,AbkfAq_2XDvwZ8xPSo4U1vf0FyWQMk72lTsImHrITTsxt9BKztDHscmkINfIaAmCKTNW871KQjsJgw,267,Nami,100,UTILITY,UTILITY,False
NA1_5554064263,p2WmgqY9rQ6VE-_rkhoTIk4pYgMgLB-B5InsQE_61B8zXSJX-jIehu8kToi4tf9PkXCmz-YOY8VsEw,904,Zaahen,200,UTILITY,UTILITY,True
NA1_5554062067,YgN2I3Db53JrsVxADET9EV96poBvvyGYudPgvNEpMynUDGdAKHmRNMfoDn6mhwbbJCXDyb7xJm4XSg,54,Malphite,100,UTILITY,UTILITY,False
NA1_5554062067,cQzg4pYDFQ4GQW0E9SXaWykEsknElQ7n9UpoCTe9n5t5dF_TyXg0im5YIBuo5M4uoy_lWpwnDNPYsw,99,Lux,200,UTILITY,UTILITY,True
NA1_5540056944,E-sRD0stdxEv0WV4Y8AIOaG80BoVS9KsdTrElfxYkCeL-gqAONLARWGb-PGbv7FkAPkH1AXeX3UsDQ,350,Yuumi,100,UTILITY,UTILITY,False
NA1_5540056944,p-Jtl-DIRma45i0qA4NQ-hQQIWlYac1mwAV4JKXfigUVd0hKcqmbRStiUYigMWe8KnjyizrPt85v_A,25,Morgana,200,UTILITY,UTILITY,True
NA1_5533997686,ulauGr8JrLfHMoAWjmfSFKGmOkg5IjFsj62ZwbJGo_ZHFHEM3pCyaLv6gxRyKjKEW3n2RH6a1hVB3Q,44,Taric,100,UTILITY,UTILITY,False
NA1_5533997686,bAfCAALK5zHlLYkYXodWWtsVjIZuhA2tJZ2FcOSZfdm23i-Oik-9JdJZOz3MHbF0wyEIo9gHsTzvgw,101,Xerath,200,UTILITY,UTILITY,True
NA1_5533386215,wwZ2ok4VxSIcQacyNrYrBVHJmiPICN51xMQR8fgN9deNQtc_KqARDVo-uvz_Wi-fxFGizUBTwXX8uQ,99,Lux,100,UTILITY,UTILITY,True
NA1_5533386215,Gf3N-G1_HftfDGJzDQY9xL5mnBAGhkQ26iMOhzdVsDY81HfJnzXL8g1boWDnrXooaA2ksWB6ovUB8Q,526,Rell,200,UTILITY,UTILITY,False
NA1_5529079918,wlB-1RN9WTJA1oe7c3iia6ilD62lCJowoGM2l1KOoyVawGqBbxH4_yVL16dk8BeCr7ay5GkdsQ9Y5A,54,Malphite,100,UTILITY,UTILITY,False
NA1_5529079918,GnV3GmEvKRsExI76pyBD65QyX4g4Wx4UARnvjM-Iw24QDriZgTHjsrfn-qZ_Gg8sXJsTTtxHoJ8ONA,80,Pantheon,200,UTILITY,UTILITY,True
NA1_5525791468,E4RwXyjWVwRHP7fkhsjXgvJpmxqcBjV8UoV58ry9bmYzAdfQJFgbLT3s4hyL2FcxzvgMUiXVDBO9Jw,800,Mel,100,UTILITY,UTILITY,False
NA1_5525791468,-bALv8JaNfgQJAW0mhjhv6WCr_5UY1GY0SG_AdwIXbgUivgxHWfE4gK3P8pL9QqjwhtbivGY9KOmNw,53,Blitzcrank,200,UTILITY,UTILITY,True
NA1_5525464262,Mpp8vseQTTi_mL3NQk-eA1_mk_Z1KSzf6wcku5xo2mcFPht27CNFdnWHK1xuzCPbhYG4Y8E2ejsnPw,115,Ziggs,100,UTILITY,UTILITY,True
NA1_5525464262,ZA1V6H1IPgMkKZoPMjCrUpL3WOjq6ug9GN4RywI9kdVaajf46Obz-gH9_TNrWJkA3J-hIDdxmOO2uQ,25,Morgana,200,UTILITY,UTILITY,False
NA1_5520914081,8TbSSGQRl-lf3GhmCVG_I7ZDjRvfZNmUQxA4zA-cVdGIzj0NKl_QhRSFXYHsEkjDv_avO2yjjI34iw,888,Renata,100,UTILITY,UTILITY,True
NA1_5520914081,PcbmgBEJ3gAC-mu8BSzhNPwOFLr9u16I9Ux9Y7sVLG8fr3V11YT_cXLHmcJi4Pjl__rEjXJHxfVZVA,235,Senna,200,UTILITY,UTILITY,False
NA1_5555150056,uq7KDq6apC1cW1ZXXLhZoMdxsT_OmE3wVDaKJZ822yCpu9bYlvKUsJjJnxZNSk4YDo6DCnifjquy2g,518,Neeko,100,UTILITY,UTILITY,False
NA1_5555150056,WpI-_IkHXZswzz2LKblbXZRPuKj9v4eeTPgOMRwwkWPrbEpO2Gm110EYvLzpt8KxWsFpw6P8BwdQcg,111,Nautilus,200,UTILITY,UTILITY,True
NA1_5555131191,68a_bposVoXTFtzuq0cInbdI8nc-fbPR-RZf2HBzVH1ke-WvFmPFncpLbWkxxd5kSA5HsJFsd7qEmA,37,Sona,100,UTILITY,UTILITY,False
NA1_5555131191,lNptfL58BL3QYUg8UUDDsXXD2FLFu6pMq36eRN-RBTp3_u9UHMU4sNLIriAh4C2VMnuiWOCpFr7aJQ,267,Nami,200,UTILITY,UTILITY,True
NA1_5553831680,1SZzKxswXXBbNdX_cGP5LSVwLCwN8_rpeJkxVKXLGXlWzKwx_4O05_qFtMEijhH4zqv7rQGbJZURDw,143,Zyra,100,UTILITY,UTILITY,True
NA1_5553831680,CWJZu3RoALPkejKxfsJBkWb5m8ugNcKa_g-KgCJpsXUaac1I891GeYEqe3xbF71YFrpnzudQHpCMiA,800,Mel,200,UTILITY,UTILITY,False
NA1_5551431574,FUEwJ__QSoDu3DXFa98VwKvYGiNO54ZeXNhQrbce6wA_qkj43X6iAWa5tGljBbUc8uk1oZtZdhMEJA,78,Poppy,100,UTILITY,UTILITY,False
NA1_5551431574,cnrwonQQsDruqtKdkztgx5dUl8wfwa65P2B-CnGw1xqd_cLa712olrpexNBG3m3NmTZo7HYJMWdj1Q,53,Blitzcrank,200,UTILITY,UTILITY,True
NA1_5551428223,-Iz6_rrior-A3LdqJmO8ekTkhJr_Img9jCmIneSURDK9CV-k-tLbjL-lUNZig6Vc4tfgIvx9rmtWAw,99,Lux,100,UTILITY,UTILITY,False
NA1_5551428223,svL2z06NfGTi3jXouapAI56k6ZkGxWCDn4oqoKasPvUs_eD0PMyPqXBO1XQ2o0Hk2Plq8tOX8v5LAA,147,Seraphine,200,UTILITY,UTILITY,True
NA1_5550699445,8h5RSettHX3la1Iu6fFiXhKvbFve2SQtbGkaligd0ml6-9VutvzlL5j8GcNvEyQ0YfmdPSgv444mkw,50,Swain,100,UTILITY,UTILITY,True
NA1_5550699445,1IR_3CyrXFyklOwUqFNs4W8hXR67euswGncN40XzTl3l8VOwtUJmcpaayG5_bovCCun0qCH9wlQReg,147,Seraphine,200,UTILITY,UTILITY,False
NA1_5550685626,tNt1L16PKTOJHuM_k7yWyKNdeyvP3SXwxLuNaNmrX7ynYhpz2af0LVRnG1HpTLp3teGQpqqKjnIEww,99,Lux,100,UTILITY,UTILITY,False
NA1_5550685626,LRELHgRUsxuWlRxdp-LyZgqqfHvGxXedOYXYzK63cNin2xzu5LPoEGc7mQXxFjU_y2K5V2UUQHEOlQ,147,Seraphine,200,UTILITY,UTILITY,True
NA1_5550361787,AnoAir997ykSUjaXR805lvzhSdAQTznn7kwZKo1eW_7AlDNV1yEFJO1DhFfpA4YhZkO0VLRAHb_coQ,111,Nautilus,100,UTILITY,UTILITY,True
NA1_5550361787,tixVsJ-eyWUSijOut-BVFOTRXGCemRk6x_kulYNZIiDek6Hq-oz7EoJCbBDX8KgAIHrnO7JO3Y1hLQ,50,Swain,200,UTILITY,UTILITY,False
NA1_5550341780,bdmKuy6EQjS0QArdVEbv7rgoPSqkxdJLeZJ1KSnwoQPsd_B7CsBtIYZ4wqZQK6zsZg0pMz4Qn3jLzQ,147,Seraphine,100,UTILITY,UTILITY,False
NA1_5550341780,eb6A2JAFutnlExqVikFDB1MhPg0Phdgrit61vMg3gLjf7hoW0XXnk4Nvwyp2-wXInG89W-uSnPt0fA,101,Xerath,200,UTILITY,UTILITY,True
NA1_5550207665,Jr1SlSvlD9En6Ne4EsxhPQynwTzEuV7OsZErdkuYbewteZARMzVGUONxnWr7PreRf4NKpWgBwCC0CA,350,Yuumi,100,UTILITY,UTILITY,True
NA1_5550207665,VVOGRGs3k4o1uC4hNcF9CQ27NLFVn1c7iqCmgBd23aBTccQvrBxWMHjqaiCvZAjhssQDaheg7rK0eg,53,Blitzcrank,200,UTILITY,UTILITY,False
NA1_5470836347,2lr15xsjMpYrIBlGhgpjliPEBQWIh559rEYT2pYb3YXR4JrubHBQDxxkeS8Yf_mBseAOsXaVRwd0kg,235,Senna,100,UTILITY,UTILITY,False
NA1_5470836347,io4d8PQMpLMJh2_4uW7LrZc28a3rX30ywRc541mtgE8bh5U1CpWBcj3yiPmNo3CudrA59sxAg05VRQ,111,Nautilus,200,UTILITY,UTILITY,True
NA1_5470795624,VQz8I_2_7IqaT3SeZLHuN-WwnKCyAL8bS9UtO6I6YwWLzF16kh_qL99y8lz2dEWz79LK-ldxAnSieg,432,Bard,100,UTILITY,UTILITY,True
NA1_5470795624,2lr15xsjMpYrIBlGhgpjliPEBQWIh559rEYT2pYb3YXR4JrubHBQDxxkeS8Yf_mBseAOsXaVRwd0kg,235,Senna,200,UTILITY,UTILITY,False
NA1_5469018474,2lr15xsjMpYrIBlGhgpjliPEBQWIh559rEYT2pYb3YXR4JrubHBQDxxkeS8Yf_mBseAOsXaVRwd0kg,99,Lux,100,UTILITY,UTILITY,False
NA1_5469018474,i5MNQ0rgXkOjVl9NWHueGJj8SMvNYn-tPFRR_-EQW0JfufLt4uftBlrQFWBp6IbLwQqSLip13c_VHA,235,Senna,200,UTILITY,UTILITY,True
NA1_5468963326,2lr15xsjMpYrIBlGhgpjliPEBQWIh559rEYT2pYb3YXR4JrubHBQDxxkeS8Yf_mBseAOsXaVRwd0kg,235,Senna,100,UTILITY,UTILITY,False
NA1_5468963326,wCJVfzkoqtwQMTUtWgcx3lotx8PzM8NOif-z5oBR0aV89IiLpV8_-vdWNAA9y9EON0ZjXhEK2vgxLg,89,Leona,200,UTILITY,UTILITY,True
NA1_5468932510,XjnCjmLXz9SxDAVq2auhmSwmTZCNHk1NjUAgX_h2x9nFeN_t0SZ8GbjxtquLMjZumn7uIt1AAxEfQQ,518,Neeko,100,UTILITY,UTILITY,False
NA1_5468932510,2lr15xsjMpYrIBlGhgpjliPEBQWIh559rEYT2pYb3YXR4JrubHBQDxxkeS8Yf_mBseAOsXaVRwd0kg,235,Senna,200,UTILITY,UTILITY,True
NA1_5021446375,eGblXQI78mJSJBPQL89dOSSKB7gYTJgl4fx1OkmkdqwBEuBnDk5fSN5LTWmL2zpThGKrxFBUU7JrTQ,99,Lux,100,UTILITY,UTILITY,True
NA1_5021446375,gm7J1qzPa_fKq_ebmTD1YB10taC2s6lcxhgqzDkVXwZp0sLNUhemGZH81s-7NJbdyMxaUJSc7__Y0Q,43,Karma,200,UTILITY,UTILITY,False
NA1_5021347066,XxO5hpuRSlzMblQp-vpn_5LyLK_qt9fAHe9E7oqjVuk2p1Ryi0J39fjV5lwvk5AE-JY8x1ZBrOfddQ,22,Ashe,100,UTILITY,UTILITY,False
NA1_5021347066,BngAQ8BI7FaOUPgOU77xqorvA3qd9BjBm6Swm_TPurVh7LsRITF5-nMdEr0qqMrQMDl288dYxsNWAw,111,Nautilus,200,UTILITY,UTILITY,True
NA1_5020883860,J-01zo77qn9esqBnjqIenKpcTQlkbBCS0gAgGUwZwVKb9CzvJQD3vlgYL_q3MGRZw7pSMQ_jwqN4iA,37,Sona,100,UTILITY,UTILITY,True
NA1_5020883860,i0LDgRU_uMBfJgnobVDZhv9SsxCGIsapszd_PKdI0son8LD7xEvTtz8DWvNqDhOTyaykfiu_7M_61Q,16,Soraka,200,UTILITY,UTILITY,False
NA1_5020743787,yQlB5Go6cfbiDTYkISDsfrJcoekS9ijEo_K5SkepchdLWH7Ar3KHA4AnEs9uQFFraGWxAuVMeHUwkw,57,Maokai,100,UTILITY,UTILITY,True
NA1_5020743787,k1-F51DB0ePto997RCQQ-dqEAtHckdn2nNVq3H2DRKU7gLwUpKWm_oTF8LiEVFm-ENHlcJUNOGxRog,37,Sona,200,UTILITY,UTILITY,False
NA1_5020699056,HPGpooU9NoKkMh4pu_GrX2gN4JvrGdY9LaMew6kCTyhEPROMO5vRrIi28V_YybrMX-2ouDeo0s8LGQ,223,TahmKench,100,UTILITY,UTILITY,True
NA1_5020699056,6rGhtYBukMVimKIMOf_pv8C9Ue7FAfKJcNIsTKONBlWKxJf8JqAOaxiLJwn-RnUw_4p7lVxJNtT1BQ,25,Morgana,200,UTILITY,UTILITY,False
NA1_5549997815,qQHTSprKvtBRZlsa2qfgSKRCphmtNtcwTxxtQwmxCM9QbgnL666Fn8LDJX_aMYaDtHtj5LuwJqijxg,63,Brand,100,UTILITY,UTILITY,True
NA1_5549997815,enVgemNs-KfdhiImRvNfQlX7oCgwfk4vvkJsS8V1xPCWC8ryhimTM6EcX4RhFCWI0NPlNLwg21Q_rg,526,Rell,200,UTILITY,UTILITY,False
NA1_5549982504,enVgemNs-KfdhiImRvNfQlX7oCgwfk4vvkJsS8V1xPCWC8ryhimTM6EcX4RhFCWI0NPlNLwg21Q_rg,37,Sona,100,UTILITY,UTILITY,False
NA1_5549982504,3ymNL2wN-OX1u6YXkNADS-FefLw1GgurkX_MkpMoyhh1EWt85yCqRvTvwizrGKn9fQKGFUitYxfPbA,800,Mel,200,UTILITY,UTILITY,True
NA1_5542837923,enVgemNs-KfdhiImRvNfQlX7oCgwfk4vvkJsS8V1xPCWC8ryhimTM6EcX4RhFCWI0NPlNLwg21Q_rg,902,Milio,100,UTILITY,UTILITY,False
NA1_5542837923,DGOehcmkjGmty8yEsGYTxGAF7Wb7Imso_JSAiBucXGnFLjIj24rObfWCiE8vhqawGMKJcTE3_iKHyw,201,Braum,200,UTILITY,UTILITY,True
NA1_5541044627,QJRPiRXy65x4jCUjD5_liP2G-OOZlNSm2lC3Os7uHm8TCIOcgtm7HDMUlNPiCXAiqgIrhhSqVmkcww,143,Zyra,100,UTILITY,UTILITY,False
NA1_5541044627,enVgemNs-KfdhiImRvNfQlX7oCgwfk4vvkJsS8V1xPCWC8ryhimTM6EcX4RhFCWI0NPlNLwg21Q_rg,37,Sona,200,UTILITY,UTILITY,True
NA1_5529408442,AcCNVl8z5yLA370H0MaN-Bk4jb3n_ZniS8W7cE5mOwxVj90FQy2Pceej15lc8XQUVq4N1yebmeIgDw,43,Karma,100,UTILITY,UTILITY,False
NA1_5529408442,enVgemNs-KfdhiImRvNfQlX7oCgwfk4vvkJsS8V1xPCWC8ryhimTM6EcX4RhFCWI0NPlNLwg21Q_rg,526,Rell,200,UTILITY,UTILITY,True
NA1_5529384471,jWIThwYIcRHGY3POBKsODMT2hMSqcKgQCdiSBQ__UjjlzSjUT6pGM5ARad-6hJb6vtaeK84iWHgZSA,117,Lulu,100,UTILITY,UTILITY,False
NA1_5529384471,ryzcWQdNzXt-X34h-_-dn3IVpxjTxBFu_hIywsycSSQqXVi31QqMot7KdUbjGiuMBlPE-y3WLC9rgA,63,Brand,200,UTILITY,UTILITY,True
NA1_5529336105,dVdd7h5NconIFaVBxZUXb-XgncvZPGvYzzdrp3mDlKiD7DgZ1EMN6t-yO7u8a1RAU2bYKFVkgkfEwA,37,Sona,100,UTILITY,UTILITY,True
NA1_5529336105,jWIThwYIcRHGY3POBKsODMT2hMSqcKgQCdiSBQ__UjjlzSjUT6pGM5ARad-6hJb6vtaeK84iWHgZSA,143,Zyra,200,UTILITY,UTILITY,False
NA1_5514811495,enVgemNs-KfdhiImRvNfQlX7oCgwfk4vvkJsS8V1xPCWC8ryhimTM6EcX4RhFCWI0NPlNLwg21Q_rg,412,Thresh,100,UTILITY,UTILITY,False
NA1_5514811495,1rMV_PUHnr_HblbWi7SDECIUZkipYdpsDZZ-qk_6SR3_eNdCSzj0JIOYcM93dM0b0lhFKybkBDBBwA,161,Velkoz,200,UTILITY,UTILITY,True
NA1_5513629517,SJnXVD48KRCy8HdOR2I_Be9ITED898j-OyR_TNcBnpXtEHLpiASB9lWbqHnD9xu6JDBXbyUwhAVO7w,25,Morgana,100,UTILITY,UTILITY,False
NA1_5513629517,enVgemNs-KfdhiImRvNfQlX7oCgwfk4vvkJsS8V1xPCWC8ryhimTM6EcX4RhFCWI0NPlNLwg21Q_rg,800,Mel,200,UTILITY,UTILITY,True
NA1_5511517118,mWndFOPOHpq69ZxiBj4TFSLYq2ZPMF6Tn5H_pInTi8UpGTxrTDka19OgDs0qD8pM745dAdXIUfMzHA,25,Morgana,100,UTILITY,UTILITY,True
NA1_5511517118,lORL_rn_t8mJ1KVtwLgXoLPN0Jo1uQZ4CJ6-MBdupTdVEPZBz8QIcxS86vmn4fZp0Va2gqi0K6g_4Q,800,Mel,200,UTILITY,UTILITY,False
NA1_5554198975,Qzdk0fbAks3cEc-fOuYcMRo170NVFyKD4dM4Q7mqhKJosfor4YVaMmXmzN54s1ysRb_EDxHtqi4HEg,147,Seraphine,100,UTILITY,UTILITY,False
NA1_5554198975,oJ8YgzREyWdQ4y6CNOKETDBsxBfwSGOvUb3OG4y6hw65k2JFo3VL3zMPKbAx-VO244N7MRtn0l1ZPA,800,Mel,200,UTILITY,UTILITY,True
NA1_5553492411,6Vox_ShJO8OO5IO2c5dVudApFN54WasM8xnaLiYVytg4H0cuOfwAB_dPHSl2YQebbl4xhp86orWupg,63,Brand,100,UTILITY,UTILITY,False
NA1_5553492411,ZEI0hxjeRciJDJ05FR9-83fsD0Xv0cSLHnumR81HBNgCBAGXSPGYk9p2Reg4kPmgkvfDsi9X6tTWVQ,25,Morgana,200,UTILITY,UTILITY,True
NA1_5550683501,KOg4kcUdhXacvAi3LhOUML6eQ22v4PwNf01j4yReHmQ1W77TIznoUVQa1JiTjlK4QHBKAQ3Pf0amvw,161,Velkoz,100,UTILITY,UTILITY,True
NA1_5550683501,dKW1Ac6paCf2IraaiubMjvv4CS8tCZQloE0IXUth_MO97f5Z5C-ChQfTKBgBZ82jp8WU_6eDeB_kIw,902,Milio,200,UTILITY,UTILITY,False
NA1_5550084782,gVZeNncHgQ73_oCbxNdhv3FEvyqSfqxJ7kn-6uCQ9Zb0ayRFG1KFJcLq4pobxvIwKAsRDWjZc8M_Rg,412,Thresh,100,UTILITY,UTILITY,True
NA1_5550084782,dKW1Ac6paCf2IraaiubMjvv4CS8tCZQloE0IXUth_MO97f5Z5C-ChQfTKBgBZ82jp8WU_6eDeB_kIw,64,LeeSin,200,UTILITY,UTILITY,False
NA1_5550077776,xYbAURBv_JR_xbf3M9uQKJ9OFkLmMjOw9B49KNlIXJDxgl2vTRk9Brollno3nZJZIsP-j2g754LUOw,223,TahmKench,100,UTILITY,UTILITY,True
NA1_5550077776,s52omQxmYOZPBjErnWdDmt6o9_BPrRP_--gkKjbRqbk32gOPSeI_cSNdjtA9Sq-Q7p8ycLk_jlL5QQ,127,Lissandra,200,UTILITY,UTILITY,False
NA1_5547237849,EaQLvJD-HLGng5Ssx36n3N-3LbSE8uZPKHDaF4eT4SYSemYZrqQELkmwKFtOfKWem5vdvn-Tc0Y41g,89,Leona,100,UTILITY,UTILITY,True
NA1_5547237849,NvWa0JSgShUoQGtodnQWVX0J92Cb1lshNWi-9gV9IW5wJuMOoYTWpMr6dv_1XC96BcdCg4dkZUAGjg,223,TahmKench,200,UTILITY,UTILITY,False
NA1_5546262010,uZZaFPzDGFzgJKjZeeL1UenUNRHeg8Qh5uO1XqiMopgnAPU6ztNs2fMM7MBAEj3UA7E7ZAn60qje5Q,37,Sona,100,UTILITY,UTILITY,False
NA1_5546262010,hPciDGs1aeRw8DACciIkyuhTx-6cz1aM-1dsQK4TbCvA-fuBrcwQqkywjxB8FzZPXQyVs8-xXaZrBA,60,Elise,200,UTILITY,UTILITY,True
NA1_5546235103,MFn9SZIoMcEi5ylaOlYvvYmak_JvAWGTc5k2N7iS5tDOxPG2Xli-101kYOTwiJHvBvZNdFW-LVr-bA,25,Morgana,100,UTILITY,UTILITY,False
NA1_5546235103,uZGzeGaFHT4oW-gV1cTp7QTYoWMFNKm7wj7z22oDKRNTxRcDasioR3PrFCtgYpmP2on9yoec5wX0vw,99,Lux,200,UTILITY,UTILITY,True
NA1_5545665121,cPsJihwwQ0sDVNsfegvko6rrRaS1UA8UrDQEla-ZnkQ1bW49wA9pDoJj-R2PF6KWcraeqxpv7O_u9g,555,Pyke,100,UTILITY,UTILITY,True
NA1_5545665121,WG5zD187yKzr8-cbx3mbimK1ESKDxVulOfoL_rO17Ht7-6VbjKTd8l5GvHDsTZZVQdk3i1oI8KaLDQ,57,Maokai,200,UTILITY,BOTTOM,False
NA1_5542168945,1SZzKxswXXBbNdX_cGP5LSVwLCwN8_rpeJkxVKXLGXlWzKwx_4O05_qFtMEijhH4zqv7rQGbJZURDw,57,Maokai,100,UTILITY,UTILITY,True
NA1_5542168945,HSvYos-Jq3ZcILpkPGS4mXHnJB8Y3IcdXpRI95Ukltj2EPbVSNHeacbzyYiaMMo2v5Se3ryBBcZb1g,37,Sona,200,UTILITY,UTILITY,False
NA1_5524348245,coMJlQ3bSjjoNDZwNlbUub4DUIGb63xY1xHJcJ784DXRryQCpagYm6ibllpmyr3u8HLfYn_wnpL3lQ,37,Sona,100,UTILITY,UTILITY,True
NA1_5524348245,tazf1O2D-04xYoJ3OfOL6fIwkGIJqym3NnxSFt4xZnKZaHsABKPePGfsGZLcdSn0lFQasAyZSItB8g,99,Lux,200,UTILITY,UTILITY,False
NA1_5523041202,wAzcWU4jys_rTELGZEUH3eo4nJa-AiTcc-1CIJl5818mEvMVZz7yFp6UQ8PbCqh_BojPi-IWZ_jtTg,50,Swain,100,UTILITY,UTILITY,True
NA1_5523041202,CT6Kpj5uUgq_yls2-pXh4Ar9cGrSE2DGAO06NpgNeA7TUW4DR4M4cbQBMlJpfc0l3uKnNYUxDb6VKg,412,Thresh,200,UTILITY,UTILITY,False
NA1_5523007956,9vhmn_dmQ5MVNDA-gHa5gNfhsN2OZ3FqIEOqipl-y77ymcCGTB-4oR6xLoxBYLIxxJlL_IlCwq5hQQ,3,Galio,100,UTILITY,UTILITY,False
NA1_5523007956,SD1juybvrwxo2_1mjj-vaFwCBKVlPTSZwUEf2iJ8iP_TUkAnxBNJJyhC9CeLP6OATJQaLq28TtvR2Q,412,Thresh,200,UTILITY,UTILITY,True
NA1_5522853842,RqfW-E2dXjC0z2Zj_YHrmijUaj1K1XzVsXd_4OWRNHUPXcbGCcL2l1AY8R32e2PNKFkX8hUJD7S_Ig,555,Pyke,100,UTILITY,UTILITY,False
NA1_5522853842,hStbqpwinTQ7k4wdaPmFsEwvzp_3KwRc8RwDxZv5nRT5c3ffpUohrokvHUM4uwu7ceAEK8nCMT0bmQ,902,Milio,200,UTILITY,UTILITY,True
NA1_5521565497,bGLfP0S_ypFRxcKHWOOfhgWwZC6nyscHFqBjWVJ8gNGW8Qyep68iHfzzMz6hEUUmqla2b20fvmGbCw,101,Xerath,100,UTILITY,UTILITY,False
NA1_5521565497,0Ga7Q7jswHTC4PVhGBi046Y-RFFYc5Vv64xoFW-8lStKJGDFR88CkUsRShx0snRqL8mbWRtQBs3G0g,89,Leona,200,UTILITY,UTILITY,True
NA1_5521540319,jxWdJF-QTIkfYIt7U01sMkLfEn4v0VTzJYCRk1WTpqQguE0cRDDIFBFJuCyDwEOb2J6HvDHVas8tUg,235,Senna,100,UTILITY,UTILITY,False
NA1_5521540319,v2YZAcwBTeVd3OkLUmZ8tiZG8lNh-C1LsVSV353m5vBb65Bsdv4ZmRZzZnpTrPXpVf-l4pEveHq69A,50,Swain,200,UTILITY,UTILITY,True
NA1_5521522901,Wp_oOLDImca49a60X-WEHzpqjvMJ12Kod8YhXXWlKIlbqW15b9GcRFuJM_x-3aDGQ2KvdsimlvCZYw,22,Ashe,100,UTILITY,UTILITY,False
NA1_5521522901,jYb_2cAdwzQxE00LC95O84rJhjYZ3My4M3ilb5djiZ4RIhcA-2yE46QW1ctCVzxc6PGFrlFMKXs1Sw,350,Yuumi,200,UTILITY,UTILITY,True
NA1_5521496678,oBVPwagKZg3ULUBvAnE7YeldZoMTy3Tm3_WRJ1y0xgbEWsMo9LYt2ZceKP3YibUqIMKlEGpp-4wnYA,350,Yuumi,100,UTILITY,UTILITY,False
NA1_5521496678,VbD08krs6E1IewBikKFiIayKuh6mukos1a6bygu_2iMJS5hpaoovlmdmJDslg2TbWEyulC5ays2oqA,57,Maokai,200,UTILITY,UTILITY,True
NA1_5521467870,bBadJYSbcAnTDLeignHCYMNvFyRxsoR9mdKw7ET-tbbWTWB3qZm6ygCkMkZfF0EzGgUFJx4MmzGSHg,50,Swain,100,UTILITY,UTILITY,True
NA1_5521467870,iHt8RzpamP3vEzA_PgaQhKhj4WDcb31c99fxkq6RD-DxGzmHKnCKqTImz5gUMwX0GZgB59MAMJRagg,99,Lux,200,UTILITY,UTILITY,False
NA1_5521047937,rr2rlXM9742-J4AiB4POWJgwv9R17SjeVs5cdCTbJh-9HEy8ELkY1YXt9QIgegVAgoS6D3Q4vdmPYQ,147,Seraphine,100,UTILITY,UTILITY,True
NA1_5521047937,bdbmQNMEl4UFFfdNtV7PjXotH1wNM67AgbUyARleVI_Ti8w1lp2q9Ts4zi3iuI-Fr0l1B8VBRX8_ww,26,Zilean,200,UTILITY,UTILITY,False
NA1_5549447457,Him42IJ0N6putoSK19FEOVxEMuK6vx8hkga-QxWcoPABsbs5_AQ1tJnPg4JmVdHCP8FCmMQ3vUiDfg,89,Leona,100,UTILITY,UTILITY,False
NA1_5549447457,FjDK1fNaljfA2-JD3F3juQ1PuqeWuiJCcYnJBuu8wnmcd6hlaT48INb6Jiwo0DJlBgZ25hi_FtIaow,111,Nautilus,200,UTILITY,UTILITY,True
NA1_5545564504,DmwgU8Vl-pVhla-bGt2YwqSg8_bWBNVqWSNUMnlEJiZZ6mAmxKzis9Sv9e67XOhMHsDZc9MZSUvQTQ,526,Rell,100,UTILITY,UTILITY,False
NA1_5545564504,oOhe7-xg2FVh4-XIF4_-23qdGcSJge_pOB2rAGM2iwbRpx7j_0zCR7BUU-U9Ae5W3CwEZhyFals7EQ,432,Bard,200,UTILITY,UTILITY,True
NA1_5539320110,7iaPgPZUqySCw7qRKvRM20uWJRCMM_MOQqYvCXRRTf7-_wkLmurnyPsxilAPUJ0leWI1WEURxuiV9w,26,Zilean,100,UTILITY,UTILITY,False
NA1_5539320110,J9nqrkTgR-3Qgg1mQCarobEAGrwSf9GW8bHjFbbrnL1Vf8Z9zEQ-Bbwp-G5kEaHgho2PWuw3uYBVcA,897,KSante,200,UTILITY,UTILITY,True
NA1_5536853429,ejlEaAlA8S4C5RS5gCfIBR0Vym2PqTT9quVO5akQbLdgpKSL1XHZFJVpE7ExtWvLVicLr1Hd6fk-Bg,267,Nami,100,UTILITY,UTILITY,False
NA1_5536853429,TkJ5AAZ8JD4vG8tMJCRMOSMiFNvrkUCxsp77xN3-1yyzAJ_z1FP1V2eBjVNIbDMXKm9rZyA8BW0u-g,526,Rell,200,UTILITY,UTILITY,True
NA1_5536079720,YNxhSHuNJJ66L_xXTSOnVeQJlSrUGGSk_-RMC8En1H5adRaXlXmv9ZjhxtXY2z0shI5t6PD3SioDaQ,99,Lux,100,UTILITY,UTILITY,True
NA1_5536079720,UI_0YFLE88zRHg0N-J7hBKx5WjnNB-LOmgRvdn4aw10ZR0uojFkzSl75Wl-4CwLDV5uWyoVnIOF8CA,25,Morgana,200,UTILITY,BOTTOM,False
NA1_5535986232,riFD-OkMBdu2BuvsvyZUQNsmhxAZOBmVLqSIQpxvIp-ZDdOeNXAqgs4fET81FebJWMA6lsgIWb--zQ,555,Pyke,100,UTILITY,UTILITY,False
NA1_5535986232,MCuG1IGjYaLJL4RCJIFg3JbbcyqMI2gU2-sCt2cXOT4HsC5Ys-2EqNUSJZj_-3hDLUVqZOtqh3tZpg,12,Alistar,200,UTILITY,UTILITY,True
NA1_5535071036,9PX-hLvszY5guRWfvsgg_JRKKrxhDHES6yl2WYI5wUyvpqLUzaBk69oHxPQQATa764AixFv5-sJw5Q,235,Senna,100,UTILITY,UTILITY,True
NA1_5535071036,GlzjnoUpkFpgqjAJscMAuoYa8Mh53CWViw46gua0pnqA4qYsDF3Z0QUTk2FtnaqqPOrzzTpe6kotJQ,223,TahmKench,200,UTILITY,UTILITY,False
NA1_5534945477,j8CZUbNN9HiPVYyuqHbOUjZ2P8SXCJT8WgR-33y4I-Nd3ZQvJwC0QYtJFrxMUbWOb0k8IaXXy5PLfQ,497,Rakan,100,UTILITY,UTILITY,False
NA1_5534945477,GlzjnoUpkFpgqjAJscMAuoYa8Mh53CWViw46gua0pnqA4qYsDF3Z0QUTk2FtnaqqPOrzzTpe6kotJQ,223,TahmKench,200,UTILITY,UTILITY,True
NA1_5534913374,rJ4gei7Pm54LLbbbZg9FwuYDiSLeM5KAhvo9m7eA33vAgkWPpiE946gGt3_tK0w0EjCNsq_G4opMOw,350,Yuumi,100,UTILITY,UTILITY,True
NA1_5534913374,P_kYb-9qGTWFnrVxuuqM2uxarOdWPIXRL8I_N0XyThCsm5GP0Xubw4SVND3JaG7GDH1UjB_6vAGS6A,63,Brand,200,UTILITY,UTILITY,False
NA1_5534881405,qk-cL6hV8eQrug3jFpFNQi3rgwX3iRFGCkU-7B6MHN8kdGxzv6g7aWhYE1P2gGvKDjCtRmFmGW3CNQ,412,Thresh,100,UTILITY,UTILITY,True
NA1_5534881405,RxxbEqeOGbOTL59_2EOTW1bxMEECH31ihhSG1fcHlsH6YvcC6GuglZE6HmC8tC5hqbg5Y7HlpPo8yg,432,Bard,200,UTILITY,JUNGLE,False
NA1_5555111412,AzG_ohuD466TnXDnOiGjZNtC2fOSx4Pd-FUFRUl6yEgf-d3xl6FoNPyopCpVo5W0iX54sedAuf-46g,80,Pantheon,100,UTILITY,UTILITY,True
NA1_5555111412,GeTWH56uBqFAwsKleSqBQjNLJtv4abR9QgzB0z5RyxpZlJxprhTDWX-BZyHDF7mvhAl3JBlxGaokbg,89,Leona,200,UTILITY,UTILITY,False
NA1_5555020074,GPCwHlyi_2sTkAYnYKV1T2vvQ6jP-dLrQe9UoPmebFlUZoH865aqewuFUYbrcky3xulqogG7FTO-kA,350,Yuumi,100,UTILITY,UTILITY,False
NA1_5555020074,r3TrKOP33R0dV0VmquCDZIwjV0J9OAR46_vqJsk7q_L5XOgd033DlnZ4l5ydBlpL7EkxBdZy-1Ke8w,98,Shen,200,UTILITY,UTILITY,True
NA1_5554990707,ojGs-BQqcocn7hib09LghYYkhPzfGrQvlAYbxp156XSy2O9sGr_-j0tuQ47jxKUpeR18MvtPG8IHgQ,267,Nami,100,UTILITY,UTILITY,True
NA1_5554990707,3cJo2cG-fqCWxIWSEIc2BhmeB9pvKyPKBz5gIE9KX4BoioMNT4OadzHnJd2DAsm4OitpXSxkSYZdhQ,412,Thresh,200,UTILITY,UTILITY,False
NA1_5554812918,O1dsujpG4blKXYZlebF1U1NYb4v2khaPlzYZKx-BmiYpIOQPgBJomYMimqelEbMVzkLmGY7FBxae5g,101,Xerath,100,UTILITY,UTILITY,True
NA1_5554812918,Xg6cQF2Fw_n6SdxQ0tmN9TekNOLINkBjEgoA25AHPpA-Sf2UJV2U3SxuS9a5xXGa8qT4M2ThAj53PQ,50,Swain,200,UTILITY,UTILITY,False
NA1_5554690256,QYPpaCNAITnWQrqVymVRwj69SiXW4JSo8mchjyGEly7g-siMrqAxohErYrKq2tQ266_O05wzIr2S8g,25,Morgana,100,UTILITY,UTILITY,True
NA1_5554690256,sfvupaiZyPhz0xqNBx1QQ6aKRr741qeDOSjacwVnNa4-axJiSuOqCY_dGaIGVsRWUFwGpWfaT3NPTw,53,Blitzcrank,200,UTILITY,UTILITY,False
NA1_5554676587,Sa85sVLAtmVZ_Dqmfk0OcE6mw54IQN20fKLN1T4WMa5QGgoosTTZ5ni99CSWjdLJxwdd7zTO5HxQrg,161,Velkoz,100,UTILITY,UTILITY,True
NA1_5554676587,BCX3D-ZLDBVKjyTzEFbV6yf0nVGrsav6DlR7YbiESiYvpgL1VSImNAGFTzKBexG8RyTaeA_QwQj0yQ,902,Milio,200,UTILITY,UTILITY,False
NA1_5554416020,8us658C6EwjAfNjoFlXF5w66rX-oC4Jzp10GCYvjqVMrbiyEsjooG5-05lOSrLrz_e5XQZkDQPpA0w,40,Janna,100,UTILITY,BOTTOM,True
NA1_5554416020,ZUuLqF1sswlH-_vV2gFpAHFViePXVYVg7Q52ziztf-f3hXoaPU6QEXOexvDBrjGRxBdyz1Tqcb_tFw,25,Morgana,200,UTILITY,UTILITY,False
NA1_5554386542,qXf2m4C2rA62Ri1QYz9XCezx1wUIktSRjctJTGIoQeLgCuYv7SCQamboqZW-oXpnRpFVfNzuoB_MMg,63,Brand,100,UTILITY,UTILITY,False
NA1_5554386542,feadE4k4iSj1LqOGps3dPsVy_1kKYBiSwQ-f4ckF3MQ0xt6SAyXvy8D5aZRjg0ZvlQ-_uCdIOGyWBg,16,Soraka,200,UTILITY,UTILITY,True
NA1_5554047209,Vj7QzmDvbJDRuDOkuIxLreWha53c4K3Fm8qFikAfT2cm8C_ELkw4v27FHzgiKhGwZ5Hp_WrAAZZaXQ,555,Pyke,100,UTILITY,UTILITY,False
NA1_5554047209,Vl6i_5eJGUSEuhBL__7f_3w3-3l49BKb_PtWVpHOvJCff76B24FrczNh5duzswpjiantADgiiWY0aA,85,Kennen,200,UTILITY,UTILITY,True
NA1_5553880975,yGaj89EWY8O_I4Uw7d_01jiR8QWncmNGAOIiP61sOuEOZkvwE4YZ77Uu59jkcXh1STKWiM0X00jpdg,161,Velkoz,100,UTILITY,UTILITY,True
NA1_5553880975,HBEhi9sBqE7VqfS1OmK6UcJ-0K6ob-_1LYQ6Q-jVzrH2e9R6gCd0JX63GkLf8WjzKCavivA1xO23AA,89,Leona,200,UTILITY,UTILITY,False
NA1_5550502170,PbO44cMG610WqFBy9WwIYGCvjxsQoqkkYPaw--lOWi6WMcydU9WOsznmWwJFjqvVOA2UWHYw1Jjs5g,99,Lux,100,UTILITY,UTILITY,True
NA1_5550502170,tJ1vYbI-3z_ypetck61ET9YSzOi11cVDAemkJih1XnA73X-4-m2H-7svmCNuNSCTaFkBZ-na32AFtA,37,Sona,200,UTILITY,UTILITY,False
NA1_5550491279,tgf6NMKNQ_da7HYKd7MkVnaHB9zL4v1BCS_xnme0utPhtFxA1bkgO2AduPhyI7AY17KQUX_gwuHIbA,147,Seraphine,100,UTILITY,UTILITY,True
NA1_5550491279,gTe0J1c2bD0XqQyWS4aOSiBnET1uAfukiNti8V0AXmld5lzE_IJuweSwF-DPA_bZ7n8f-oglDaoaIw,412,Thresh,200,UTILITY,UTILITY,False
NA1_5550483464,KKvtd-K95bH21b4OxnFF6NTo6S4QBszghe5XDqQC9ARhmLQzaxLKDYB_GlMX4Pw2lVTxkpjFX2F5kw,412,Thresh,100,UTILITY,UTILITY,True
NA1_5550483464,eadw3Sh6iNATblCltgLw8Zvf0CzuOQzoYfoNFrQUH7ISvka1mA4xBCmGgucHfzm6N2tRQoRKCkmdeg,420,Illaoi,200,UTILITY,UTILITY,False
NA1_5550466340,-ghmGV-Hlm2n9tGILDUiH8nAuBHOmMnVQQszhbH7A_8nGTWQq_IxBSVwCmAxJbmA8CLeZghGMpMNOQ,412,Thresh,100,UTILITY,UTILITY,False
NA1_5550466340,H-ipxu1tfh9obZfGGLSGrpIlGMN7zt3Mh6eeFxwn6oNli42UYdNkuRRrjtNq3fuHhu0tJ4SlZkAcyQ,555,Pyke,200,UTILITY,UTILITY,True
NA1_5550452739,OumQ4MTBf0SSfF1W5b-9oA2RT-45U9vXPC5Xnu8HvRODhDGzIlYQzYmeclcQ05cCfRBYNT-7dcIVZA,25,Morgana,100,UTILITY,UTILITY,True
NA1_5550452739,2OleNWGmCCXCLdEXLgXbIU6r7ZOKHRU1ROuO3Vv-cX7T64Q-jWwJazs75Zwh4VmA_OhUmI8WsqFktQ,412,Thresh,200,UTILITY,UTILITY,False
NA1_5550352840,_55Vgz_NLo9qAY1c42iEa7kmnJjGi11Tnljy0X51hVwPgztjoECXA4XCDfxnkiCKW5HjJeFNvLgSPg,44,Taric,100,UTILITY,UTILITY,True
NA1_5550352840,cruC67Ahf0aBXLcHGSzUOgtpFMSMShmRDJGqTRqfP7Y6t7MtRupeBHzKKqdL9dCwF9n2oeGJKrclwQ,350,Yuumi,200,UTILITY,UTILITY,False
NA1_5550273629,oEFd3LO5oZICEq1-wd2mWSoim-ubM_134fCVaWr4mYSJMtFIIfvB-P0ZrIUuXSnvNIQK2Y7KZg6fkg,37,Sona,100,UTILITY,UTILITY,False
NA1_5550273629,sZHr3XiAwqL0rDy5lx1X89OQLPSYH2XGJLUFaRDW6oFbAMjitf7kanuHUm6ARV0jzsH7qR3LxszSTA,99,Lux,200,UTILITY,UTILITY,True
NA1_5550188767,J1BcvXjc7yqa_g7kz69T2eOqPoKhDB2SBRLl_S2X7NcuxDAuweJMDIqfhpc7TbrxzSuu7tuAUGqxdw,60,Elise,100,UTILITY,UTILITY,False
NA1_5550188767,ty0THN0I8g2GGpYKVf7x5NlWHmHgFECCdIkH4OxfsEMql8aJo2R86MrVZaKAUB_YcZWhHpLw-V-8OA,350,Yuumi,200,UTILITY,UTILITY,True
NA1_5268706477,XiTYPEJCI1x83z9uQLywu28qBfD4bWn9aLyLGONQYJmjtp1wt_5lxhSKEcZkol_sZs7Y0xcMILAZ4w,555,Pyke,100,UTILITY,UTILITY,True
NA1_5268706477,LEGwEIsgI02Fkz8JA_haoMPUIu_Lq91YgeUQmYDG4xlU185aANdX3XvXQRpLeXnkKmIQ1TJrviw3uw,17,Teemo,200,UTILITY,UTILITY,False
NA1_5268482352,d6i8i6LWU0g7FIAAnBdvMFvhkBfB8ixi9I59hEmG1LocZcT-WitZRW_Dy3tEYJ7MtXg1HzFso7-hrw,99,Lux,100,UTILITY,UTILITY,True
NA1_5268482352,A_pBmyUhTjrmQ6JKAJvVbykaS7E-NPAMVrZV2DnuvM8tFTLjyfu1u98OgsYnIXl2YTqX8YHFvvevMQ,80,Pantheon,200,UTILITY,UTILITY,False
NA1_5490970117,g85azKc7VazoK7EFwpF3jQWQGRUDt2qu3ifJJppMUkDqb1T5apmkNTRwfXZKTBqljd-hReAZ2_6x2Q,350,Yuumi,100,UTILITY,UTILITY,False
NA1_5490970117,LGCtPyoDxTk3kOTEHRvc_5Lzg6JNcxRun98VdKI8AVzr-KzJWyXqZ-Ty9_L0_PiYUpW8_pvcE4Q44w,40,Janna,200,UTILITY,UTILITY,True
NA1_5490953116,cdfELQYHjOdtJWfbdN2JcBLWam3DrhfBRdIZFXlKtGp97FJo-_JKJ0ytdaztQBlSCYUGJsGoO97Axw,89,Leona,100,UTILITY,UTILITY,False
NA1_5490953116,jGk0GJMfaEZtPw0V2yxpj33UM11hRQjlLgTyjqxLvwOhViLn6b7eECRrnZ7_FN6bz4_ui7IN18Zoxg,62,MonkeyKing,200,UTILITY,UTILITY,True
NA1_5490912470,BkqMfRKlZ_4RUzJ0FP0X_YTV_WVhd8K8T6MEZQX9rQaxDKZPVT2kby8xtUq3rvD2x0rTzjHA9RE9Sw,800,Mel,100,UTILITY,UTILITY,True
NA1_5490912470,wiqBa58c0fi4zz9dcgUi0WHYbHrPXjO4YZRUPmHLDHlvIPuNG2IBs_ayvpSVDpwL97jKF_y5V4R2qA,350,Yuumi,200,UTILITY,UTILITY,False
NA1_5490905930,lQ17k-zzj2INwrRDZZGJL2ryORW_p9xZF4pCsVNS8IwtdQJ_NwvcLGKUTWRe29ntYVmwIGNLUlXwCQ,25,Morgana,100,UTILITY,UTILITY,False
NA1_5490905930,vYy0FSd2X6NLeUwlFY5dJ-CQwnH-lyU48qD9Az2CxsJ8vsjXG05yWxHuLf-2qQBzCLRtOWz3pKwadA,99,Lux,200,UTILITY,UTILITY,True
NA1_5489310299,jucYm17eEAKMwxPiSPp916R-GvvfqOBFnRInp5Ti9BTlGx2bUTL_XJ3Y4EaqOspLMwE7kwUu0MLS9g,240,Kled,100,UTILITY,UTILITY,True
NA1_5489310299,_P2mapJv5CDew541HPMS2pExC5_MrJ5KGiumq1-dSV_7vkdBlyuapH82XYefxIck74N2M2RFw83_OA,147,Seraphine,200,UTILITY,UTILITY,False
NA1_5489300088,Ddm8mZIY8zLbfrEt5db5EXuiywPMWpvdsYusbSItqZgWdAL5leBSN1JZz91_3rg8skJ5EYartogJvA,350,Yuumi,100,UTILITY,UTILITY,False
NA1_5489300088,HHIc_VKum8ePNjTUiey51YYtVhCqOKZtUXZ4dyYS_pGAcX17k5V5CHoQDxPIX9pQARIsQ_sIJxawCg,76,Nidalee,200,UTILITY,UTILITY,True
NA1_5489291891,D9NgBfkbAUbFJZUh8wWFrsxCMY-0J0ajPsjoZ7Zqkh2xqvXXPqUroN8qmhiPnlbi-y9BsjnlcgaG1A,89,Leona,100,UTILITY,UTILITY,False
NA1_5489291891,HXwGui0WgGM09B1rMoACsdaYulCsL-icIVnwUdCkTr11hkJDeBsTOY4moGXVK8z4cbOVpzSEvPPnTQ,45,Veigar,200,UTILITY,UTILITY,True
NA1_5489289876,FPscSoozJ6W5iO0SElA1iLGHZPpEl9ohJ8tWn1PAlpVUTlc0zy8GvOUibeTFNYUbUYqTmIf_VCoZCA,350,Yuumi,100,UTILITY,UTILITY,True
NA1_5489289876,UlGCPigUwejv3m2quDiBW_W0oX0YVJvVDTZ09aIaFFSw1Ir2LJD1RjHouXwIGXQhheBRxiYmtQ1hTA,99,Lux,200,UTILITY,UTILITY,False
NA1_5489266322,u4AvprnwdyqSm1UhkzVJxNygI2bieGB_kkMTceWEM63c6R9esiutlJRLZN3ZGDtHtm1BkPjB2UPegw,29,Twitch,100,UTILITY,UTILITY,True
NA1_5489266322,Q7hiPfG3nwN9EU1N_lZUsYAZHXyRzDN5BAvWHocu7c3LwnB7wsdZzRtJRurVCj6_Vvwo9sIF_QG7pA,99,Lux,200,UTILITY,UTILITY,False
NA1_5489237718,GEqXL27Cb3qCKeQlfE0HAiLjMsbwozzDIuuEcaX-Vb93a0ptriwHy0ra5cqjL2rB1ZOyVcmYY2XxPQ,98,Shen,100,UTILITY,UTILITY,False
NA1_5489237718,jgtSp3GJfhCprCMRY7I8esiPCmQ1Jp-_IupvOdHn57vQg3eaUncsfy4z41k-MSGJKPmMF0OFd2Asew,16,Soraka,200,UTILITY,UTILITY,True
NA1_5538820176,GPMToH9YYKPV1iOkLyHNZVQgIWEdZXgKW66NhXdBEXITaT0aNq4NygTIkXp9iksRAGKtJhtajORbmg,32,Amumu,100,UTILITY,UTILITY,False
NA1_5538820176,Gmzq68VmLP4hGGcEDicgNrXceP1hudJoHkoHv-0Kpk15MqqZoskDnitP0PTeBatPT1G7EhGusQfATA,223,TahmKench,200,UTILITY,UTILITY,True
NA1_5537059963,yzVnsKbIAU7ZMKZuRJtYXVSpUZBR-i31etvtI1yufq1oWyilyZk8pu_YgXHPrnmQNdYAvr0-HSN72g,25,Morgana,100,UTILITY,BOTTOM,True
NA1_5537059963,XJYLR_vXgQGAvokmau2u3Yz1kPegoVTwPzPR6fgOELGnHgGao6M6Ti3G6XhCOXvCBRKNY-Yvnymhfw,254,Vi,200,UTILITY,UTILITY,False
NA1_5537021705,oLNci94zDLoSxVfTPS8mtYCpfaaSY5H49qUSHdJD8LMvcnRq1B29hQZAjJ11zG-jPkZfNvOkcoZGug,202,Jhin,100,UTILITY,UTILITY,True
NA1_5537021705,XDT0Z7T3l8eMfeECEQNjCyc1kIQT1vMr2nnQ-u1pd2cgekGz-keQ0fe6HRLHy5fCVJ2ByXhQ-39dog,78,Poppy,200,UTILITY,UTILITY,False
NA1_5537018379,ia0YSNJ3rkaX-2HLHwktXceDjjZWHZ1VEGdsm_AYbCU0d4UmiD8rRDDhApDnZo0k3mad6DJ_eLL9nQ,14,Sion,100,UTILITY,UTILITY,False
NA1_5537018379,brSWN0g94tdV-PWoh5tsWeTcapJgCiV83cX1fBUycn3Ff9HUAQSgUjdCk7nM0pK0OECIaBTltSVZEw,25,Morgana,200,UTILITY,UTILITY,True
NA1_5536994914,5u7MN0zXFz0Vqq23buW13gk89Xb3oVuD-jdR5fA4F_VZ_NSCcEsOwiIwHhOatFlj0k4YdWJR_DIGhg,902,Milio,100,UTILITY,UTILITY,True
NA1_5536994914,C0VtcMx0_QEdemaOyWfr6DOZK0QG_vp3eTpJzryHj26zKzshdjDyOllAIrgF8rl6GpxIKsDAQvixPg,147,Seraphine,200,UTILITY,UTILITY,False
NA1_5536965524,b6M0cOoUA9d9Ggcr1cB8L_Z1SX48QId2bEPmj3iMke-Gpc_HHTuiO14iUsTzOX5GsNN4sxBuSRJnbA,57,Maokai,100,UTILITY,UTILITY,False
NA1_5536965524,ephp6CBK8i4M-j35Xq2jil4qwmpWdz-XJp0z-_p2jdfdQlJqWtFn-F2jZ5zFYa2PIP1SaW4-CteigQ,90,Malzahar,200,UTILITY,UTILITY,True
NA1_5531966309,YveP-L79i73plw0oaS4YeAwK-_NcTKc7APCoKnnOkPpg9L40SJJFFE_S-FCahn-FTVbop8c4bAxK8A,37,Sona,100,UTILITY,UTILITY,False
NA1_5531966309,woE7R2SihKWHT4vSQ6yItyXpJP-KYDrijIGD41RNGOR4kY5PhEb7jCnFwK5atulVY03gerw5irgS6A,350,Yuumi,200,UTILITY,UTILITY,True
NA1_5523067119,xHyHCCO7M_JVhIJ7US8PRXwwy0uKCNjiNB--JeL9eDy-bG13QMfCUmn5Cwbusq0ztprpQ1AaQ20xiQ,63,Brand,100,UTILITY,UTILITY,False
NA1_5523067119,Fl6kfuM6SkWBSuViZRucMDp0IQMvVY134wQghsMj5oc8Hs57xCSdTRBi6NJFXzSDqz5KX5Ln-I0J2A,800,Mel,200,UTILITY,UTILITY,True
NA1_5452192281,4yGzKhUaxRZQ_7VBm6nWUEPnyuGJx4TS0csi4ujOeesgFS4u-XMLgHcAM1ebhxAfyQkjZgQHvSJGGg,98,Shen,100,UTILITY,UTILITY,False
NA1_5452192281,n_DAri_MR6d-6Y_Ht_KdcAiL5QMb08vd3BpSs75TzKvGKW2im3ZEzwcbKiekwDJfAHFBtIJ0akhJ1A,412,Thresh,200,UTILITY,UTILITY,True
NA1_5450380425,3IbfwlK_ATuCtWy8K2xX6fpcCH6KJGRor5R4d73jgTZfJ-XSln7kgST57rhGMI69UQY5HW2hkUPJ_w,101,Xerath,100,UTILITY,UTILITY,False
NA1_5450380425,LEJvOILAxf9e9W2vSKQRb7yzFZ05qhHL74vVet6THDjAl9BZ7CzEoWxUcYmBEZO9H14X_o4QY4nBUA,147,Seraphine,200,UTILITY,UTILITY,True
NA1_5506902762,yhX1HnZZpiLKyn_Otelvffwlh--1_vhxwoH5ls1KdveaWrt6f8pgZzPkf99FrYXHH8GG78fCaauKFA,115,Ziggs,100,UTILITY,UTILITY,True
NA1_5506902762,1xQCCofaCSZI0e6MJEolwxU6W2Y9oZifeh63W9b-e5UnFloccEafLfwR-RoaE_MHRnla_GNOzlC6Nw,99,Lux,200,UTILITY,UTILITY,False
NA1_5506886032,9z-AKvyy9oNJ9H-2JtcDDhdfPmA6BBLZaQO6K-Nckh3wWzNPT2aIZWvhHTAg6P805106Xzdvsl_NKQ,147,Seraphine,100,UTILITY,UTILITY,False
NA1_5506886032,FRulRWfMlK_0y0ALwZfrlP2-dh1LW4P4X_kzRpGGV3nfjeN5wyRlCI5P5O20qJbY3S-KsXRqSrTb5g,497,Rakan,200,UTILITY,UTILITY,True
NA1_5506871592,XOCwiInRA8KVJauu0NqI3pFbZruG3ZgUF-3zggs0YogNCdmBM01Zzl4UCDPsIxnOBtrK6046RbnR7w,80,Pantheon,100,UTILITY,UTILITY,True
NA1_5506871592,xP4K7bgWvBrxuYXUPsspqJAt2NmUaCBaaRshGvPgnAAvsCaCrebj4dZyZaJABHOOq8cZ1ff6sxh_mw,16,Soraka,200,UTILITY,UTILITY,False
NA1_5506865860,lrkWTF-bML6ki74Bxph8COq1sLwkfbY8MGS2xBAxrpqfAl1JRvAaOsUzFSDToHDnSu5vejorU1Fm2Q,16,Soraka,100,UTILITY,UTILITY,False
NA1_5506865860,WafoPbAZG5ZW6GHW_aBzazj2Ol_ZPcn0fwIQNAckV9PQNpMELysraO2iLFaQHrY6r9Jm6l9cxwIg_Q,147,Seraphine,200,UTILITY,UTILITY,True
NA1_5503669468,2DJJllZNWiFllyeXdpAzEdXob_BBWXdP3HkcOar4lunbhODncFzNEUTATCfyi8_fHEUffhVdNTdkhw,161,Velkoz,100,UTILITY,UTILITY,True
NA1_5503669468,4H9GcRfkGpb8vKrf3q9cBNjeMLb4BwKBW1RcuE_ZlmXKH_irMhhYtWHWh0vVF7gFjAOgAV_2n9ofpg,25,Morgana,200,UTILITY,UTILITY,False
NA1_5503646094,fHZfnOlAc5N-_vTkEsfj5ducriBmL_yX6KJZA6KfYPk338tbADKeWE2Kc9fQYi9-7L8L_kNy-Ffzrg,117,Lulu,100,UTILITY,UTILITY,False
NA1_5503646094,U-C4ZZij4m7NuFpx2B2T0nR7YGP91iOzIPG72XgK1J_DTQRd7nlTyUrYSbLJGOcysUGMKRxdV8on8w,99,Lux,200,UTILITY,UTILITY,True
NA1_5503622919,5I98AkxH_DKTAfBBLBlj8dJPpDtayEBXHsFZ4IjiCbfP-Vsy9ZEGJaUvEFOTrQ9zRJXD9nhLWc52qQ,53,Blitzcrank,100,UTILITY,UTILITY,True
NA1_5503622919,_g-ZJMOHGDGmbaV4tgVCjtW4z8yqpgU9tKbfI7_Pi9WJMsL5wY79ZY97NmHUcW_7RHZsh9o3BnNx0Q,36,DrMundo,200,UTILITY,UTILITY,False
NA1_5503605827,Zf4BmqTfTJH6sIuEPu8Ptk1d8nhTCRqX2wWCi0v3GNfWEakuYBHr2RfTLM4pkh8vdpkWhJujEQmhjw,201,Braum,100,UTILITY,UTILITY,False
NA1_5503605827,epgrsBmLYW3xPIS6vnrrADWMm7gINAjjYsXOO83zYc_bhnsmiDGorpQKsjmn1mEPEtpqSP5D6eA7-A,43,Karma,200,UTILITY,UTILITY,True
NA1_5498283529,v2GH-TGKTn541MzYebI_ZQHG8OMtQGqn9SPvkBbx-xTQwow-SMeV_E2QddjBVwKyugZbN240JK_a8A,12,Alistar,100,UTILITY,UTILITY,True
NA1_5498283529,sM-Oktouo3zEOU9Y4f3RG7e3ntqbCTwnx9ggmbkUbBUZF953ln7UWLvoaY1SeUcnmIanXIMQQPbreA,497,Rakan,200,UTILITY,UTILITY,False
NA1_5498263567,c5IHjJwdQfMgOVZlbKHSeuiyz7mypejM1ub7QqyC7qY4q2DzydNYkytNZb4xaUx4cNE9AfWaFITwJw,555,Pyke,100,UTILITY,UTILITY,True
NA1_5498263567,0yY8zSWMU6RPTLzsc0-HvQyT0ji3V1XWqbl1YgS9CtKkrtfCb1z_gtKe_lHrYlIfz1aX-I1ddJuHEA,350,Yuumi,200,UTILITY,UTILITY,False
NA1_5550504978,LmjAoBzAVvyQfCY4Ya_I3wnBMclZWTiupnaRafiOVOgcAGkMwXFlXjUKxftQKYvn5tq7ko8hhGPTPw,99,Lux,100,UTILITY,UTILITY,False
NA1_5550504978,QlXKz2Dn4ErTmBpKcjFrSKtqrqI9mXz0OMnhovgcuKrboxfHF0_vWSgfY4ARYIg_T0bAXR9uRr5ohg,350,Yuumi,200,UTILITY,JUNGLE,True
NA1_5542163493,KZWDydcEs_TyY51C_7b0_FhIADWfRCzBGAKii_NvmknAYQccYyQAVTBTaKCtBP9rFKN1cp17VmxxkQ,37,Sona,100,UTILITY,UTILITY,True
NA1_5542163493,QlXKz2Dn4ErTmBpKcjFrSKtqrqI9mXz0OMnhovgcuKrboxfHF0_vWSgfY4ARYIg_T0bAXR9uRr5ohg,350,Yuumi,200,UTILITY,UTILITY,False
NA1_5542144103,EEn7YkwUbt_quuThXZkieQLSUGn8jgDSYdlH5Q9WjeJFTCH7sCIs8bi-3pJGpMFYbkTTVlnUm2VMbg,101,Xerath,100,UTILITY,UTILITY,False
NA1_5542144103,QlXKz2Dn4ErTmBpKcjFrSKtqrqI9mXz0OMnhovgcuKrboxfHF0_vWSgfY4ARYIg_T0bAXR9uRr5ohg,350,Yuumi,200,UTILITY,UTILITY,True
NA1_5542122208,BgvUi9OcO1VAE4T4mqQL6rWmD4JJ81NEo341x3O7gg-TSSnWqbG3TNGedUced2GTANY9950w4ktfQA,99,Lux,100,UTILITY,UTILITY,False
NA1_5542122208,QlXKz2Dn4ErTmBpKcjFrSKtqrqI9mXz0OMnhovgcuKrboxfHF0_vWSgfY4ARYIg_T0bAXR9uRr5ohg,350,Yuumi,200,UTILITY,UTILITY,True
NA1_5541883587,XsI1M2InPwp11GtEMAfIi8uVmjPyMtMZ-ljmLc_x8sJbyfN6mYhmK09wVWNXnQi_06Tiol0-fKUY5Q,17,Teemo,100,UTILITY,UTILITY,False
NA1_5541883587,QlXKz2Dn4ErTmBpKcjFrSKtqrqI9mXz0OMnhovgcuKrboxfHF0_vWSgfY4ARYIg_T0bAXR9uRr5ohg,350,Yuumi,200,UTILITY,UTILITY,True
NA1_5541870601,QlXKz2Dn4ErTmBpKcjFrSKtqrqI9mXz0OMnhovgcuKrboxfHF0_vWSgfY4ARYIg_T0bAXR9uRr5ohg,350,Yuumi,100,UTILITY,UTILITY,True
NA1_5541870601,W-j6FztyEd6nb4jps4hmv904LTG2RYSv1jJssVV7oHgbPYNIL0E90evO0Rd5OLmdE78QEND3gXg3KQ,17,Teemo,200,UTILITY,UTILITY,False
NA1_5541859817,QlXKz2Dn4ErTmBpKcjFrSKtqrqI9mXz0OMnhovgcuKrboxfHF0_vWSgfY4ARYIg_T0bAXR9uRr5ohg,350,Yuumi,100,UTILITY,UTILITY,True
NA1_5541859817,0iUdHKhOBN_kD8WmPChjDC0K5GZDGkEa44HJGrWhHKHkahgTZL6RhOOmszG38R10cXBBPlzglPxzgw,80,Pantheon,200,UTILITY,UTILITY,False
NA1_5541847623,dEj6NX5UZUFAs-tiyeR2Ht1cjRFGOXZ9XqBmWQo80s-pZmN27OdT9bOs4rPrVFl8Y-D5ZF6aQsX29w,35,Shaco,100,UTILITY,UTILITY,False
NA1_5541847623,QlXKz2Dn4ErTmBpKcjFrSKtqrqI9mXz0OMnhovgcuKrboxfHF0_vWSgfY4ARYIg_T0bAXR9uRr5ohg,350,Yuumi,200,UTILITY,UTILITY,True
NA1_5541826100,yOzA95NMkHc8DeidkJWC0QH3fziOUAg3ka6w58oMjWaLVhPFIMhIv8JL_3Poapp7I7j39TciNlQOZw,526,Rell,100,UTILITY,UTILITY,False
NA1_5541826100,QlXKz2Dn4ErTmBpKcjFrSKtqrqI9mXz0OMnhovgcuKrboxfHF0_vWSgfY4ARYIg_T0bAXR9uRr5ohg,350,Yuumi,200,UTILITY,UTILITY,True
NA1_5541790356,QlXKz2Dn4ErTmBpKcjFrSKtqrqI9mXz0OMnhovgcuKrboxfHF0_vWSgfY4ARYIg_T0bAXR9uRr5ohg,350,Yuumi,100,UTILITY,UTILITY,True
NA1_5541790356,qbXOsiO6EqbB8e-z5YfkLWxVSJcBNnyKI7bzS_hW2xGt7laapqg9TFeSngtaokWori4bVbTg_J37dw,147,Seraphine,200,UTILITY,UTILITY,False
NA1_5484219818,FqvMfCcugX5JgxBDhcp6shkPk4srEjGKonP0BLvx8m8IH5wKJXGC8CuH_8F5cXgVwT-kRkO6dEJ0iA,99,Lux,100,UTILITY,UTILITY,True
NA1_5484219818,VfCUAk9A3ioIRef8pvVB1L7eiPFIUGrygbbMW12o9Yx94ZNyy-maRB9ny4kG-l2d2noM36uYd9NOrQ,16,Soraka,200,UTILITY,UTILITY,False
NA1_5483949938,_ASW30egCdL27pnKjjFIBEH_L_Zg-qZ3cLukzFfDy_dWyK9VmZgNith7f8S_mcU90eGEH8pe0vl3iA,89,Leona,100,UTILITY,UTILITY,True
NA1_5483949938,yIjmx2eGcVcIIIQ8l6RX8zMgKY52fZS-Ja3zr8gDAy5i8ltyw_XiWBMvIc_qmeAfGdqoaQ2Yd2NLTA,526,Rell,200,UTILITY,UTILITY,False
NA1_5481632580,SdOjCZ3x01hHfhQbE96TQaSHi3GDI3tBkgz--dlEc_NYAPP-hOYLYiNFZzy_FrsaQ1KoHG76gtg18w,147,Seraphine,100,UTILITY,UTILITY,False
NA1_5481632580,fk5XzYHdwr7onwDzA8dEz3Q-tdkiXtIXyoyl6VcIm1PSh1bRTvdzp16RKnIAmt1weMXGSUJ6NmV_gw,497,Rakan,200,UTILITY,UTILITY,True
NA1_5481073104,_SkyOeEkXJsQpbbwQ1GNLc2l672Z5-Hm8n_q2rXRTdB6B6RCli5f4xAKEG8fREuVneVg0fsxe6JMnA,89,Leona,100,UTILITY,UTILITY,True
NA1_5481073104,F0-VuWe3L57sSidfWE-XCXA_pIqjVdnH7jVeRBnDROabqjI7AJLsufhqnajIMNRzyTquUciShVdBmA,267,Nami,200,UTILITY,UTILITY,False
NA1_5481037136,J9W_LZg6tISS2eLSF8BOWvmj9ws94nkM_Grrgo_EOkX7Ef6CRUyIhNAZHiNj2V__OhZ8_q3uocspKg,99,Lux,100,UTILITY,UTILITY,True
NA1_5481037136,LF_jIutVt4yH7yjWyGi-j5v6bnx5k6oaE-_a-GeHKG4I-SC-pQwKd5vQpBmaFUek4IOvBkzYyHWhSw,412,Thresh,200,UTILITY,UTILITY,False
NA1_5480992685,wO1bNQrsj4UK-dx_EoWtb4KaWhlpkUFQba4nes5oKEA3ut4kKeIZwAJiztgVxfxToMLFKIPjIkvEVw,25,Morgana,100,UTILITY,UTILITY,True
NA1_5480992685,S_fRQKxmvYJjin66XaJWD5ChAegxtFRJJtixDb9LjHm7Zcs2rPBx20WGVdeOb3ygSLyndNSRxEh5RA,350,Yuumi,200,UTILITY,UTILITY,False
NA1_5451344849,smRPJOgTDAZzZBhXT8u0ZbM0Assgu1LwWcxrNp9h7jt6Myh3YVIyB7Z3egsMyDkTCP3fG-HBeBKL-Q,62,MonkeyKing,100,UTILITY,UTILITY,False
NA1_5451344849,7HaJfO00ZCcbuB1k7_rn159Kd4fCVZ6Gi6MSLfbRiRKNS2OPKs7-UVhVcoLlSHZl9Z2REkgsySPnLw,147,Seraphine,200,UTILITY,UTILITY,True
NA1_5448416050,smRPJOgTDAZzZBhXT8u0ZbM0Assgu1LwWcxrNp9h7jt6Myh3YVIyB7Z3egsMyDkTCP3fG-HBeBKL-Q,17,Teemo,100,UTILITY,UTILITY,False
NA1_5448416050,1DnRc9gq5mriEf1kd9_5oSFhZTrJ0VUi63svoTJR45ew8W1TLS4kZCURAAl-dkPDpyFw-IuREC7XQg,16,Soraka,200,UTILITY,UTILITY,True
NA1_5448352831,7baaRKWzNAQ8w28l8pTPO2p6j4dUoha4ijqSIo5AOFgKdh2D-v5bBhZbucsfTR5nA12uaYaKTJa2NQ,161,Velkoz,100,UTILITY,UTILITY,True
NA1_5448352831,smRPJOgTDAZzZBhXT8u0ZbM0Assgu1LwWcxrNp9h7jt6Myh3YVIyB7Z3egsMyDkTCP3fG-HBeBKL-Q,17,Teemo,200,UTILITY,UTILITY,False
NA1_5448271982,smRPJOgTDAZzZBhXT8u0ZbM0Assgu1LwWcxrNp9h7jt6Myh3YVIyB7Z3egsMyDkTCP3fG-HBeBKL-Q,62,MonkeyKing,100,UTILITY,UTILITY,False
NA1_5448271982,WgLUiBD5O5uQHMDmJHChSgVFeAZclczRawYGqqbeW5R8t15dJuAoSDzu8bz9_Z8nztFlm7CwjUb4DQ,101,Xerath,200,UTILITY,UTILITY,True
NA1_5516147942,ZJsjUZf3vcDJmD1isH69ybVPpHwt-qlAZBT0inGW08jcfuD1GVLt194hxbOluigeu95c6cIXgs67sw,99,Lux,100,UTILITY,UTILITY,False
NA1_5516147942,qU1q40ur9TNEXgM8G0U-XQhoic7v6qC0U9fMHYnig_-Qrxp8t_etM06XckS4SZK0KgV9ML_0-pyX0A,57,Maokai,200,UTILITY,UTILITY,True
NA1_5512882320,Y1KL_vn7U6UYzuIU03eDW0BdrYMVobQYOC4XUGkiylWBroj9kmgpTVcfPTQODCt0HYNzgKepzbySag,53,Blitzcrank,100,UTILITY,UTILITY,True
NA1_5512882320,ZJsjUZf3vcDJmD1isH69ybVPpHwt-qlAZBT0inGW08jcfuD1GVLt194hxbOluigeu95c6cIXgs67sw,115,Ziggs,200,UTILITY,UTILITY,False
NA1_5512863818,WA1QtW-fmdEy2PLa3T_EaMQLEzqm5cf1J3Hjk2HXfvBSqQPvSr1djOgf1dRLliGf5EIpqQB-UnYb1w,37,Sona,100,UTILITY,UTILITY,True
NA1_5512863818,ZJsjUZf3vcDJmD1isH69ybVPpHwt-qlAZBT0inGW08jcfuD1GVLt194hxbOluigeu95c6cIXgs67sw,29,Twitch,200,UTILITY,UTILITY,False
NA1_5512842027,ZJsjUZf3vcDJmD1isH69ybVPpHwt-qlAZBT0inGW08jcfuD1GVLt194hxbOluigeu95c6cIXgs67sw,37,Sona,100,UTILITY,UTILITY,True
NA1_5512842027,TzUvQm0Q_VOW5tmhXzPq3XQYXtuMXsw2GZgEFB3ItCPgITUUoQBXEFpuz27_asRLGevBJo5OBJ_ZTw,12,Alistar,200,UTILITY,UTILITY,False
NA1_5512153306,ZJsjUZf3vcDJmD1isH69ybVPpHwt-qlAZBT0inGW08jcfuD1GVLt194hxbOluigeu95c6cIXgs67sw,37,Sona,100,UTILITY,UTILITY,False
NA1_5512153306,o2in5wpQouOTU2Gj2EdimXBnu0BdgtwE-aPLGEcyyZ8lrkTuzm7DHpjzH7xS8MfmVwPPU1scpy-TCw,25,Morgana,200,UTILITY,UTILITY,True
NA1_5511511462,1XkceVlIDd1rTjNJVU1Osz0nd4Y9kXUHAZezHgfhNbzup08YLz4faPaH1_K_V-tuwlIWHlmWdOntoA,53,Blitzcrank,100,UTILITY,UTILITY,True
NA1_5511511462,ZJsjUZf3vcDJmD1isH69ybVPpHwt-qlAZBT0inGW08jcfuD1GVLt194hxbOluigeu95c6cIXgs67sw,31,Chogath,200,UTILITY,UTILITY,False
NA1_5511489718,KVodgtJKfCO0TeD-rPKPCSKtOQFHvthxWaB_OK1r-yUZieEdWiM6PUz77x4VPPG8kuprrlBPashY6g,201,Braum,100,UTILITY,UTILITY,True
NA1_5511489718,ZJsjUZf3vcDJmD1isH69ybVPpHwt-qlAZBT0inGW08jcfuD1GVLt194hxbOluigeu95c6cIXgs67sw,147,Seraphine,200,UTILITY,UTILITY,False
NA1_5511481808,ZJsjUZf3vcDJmD1isH69ybVPpHwt-qlAZBT0inGW08jcfuD1GVLt194hxbOluigeu95c6cIXgs67sw,115,Ziggs,100,UTILITY,UTILITY,True
NA1_5511481808,H4ma5mPmWE0jZqAUpSkOYsOy5IrtA2YJ6poVhS-7swD1s7J98AAkSeKNVJ6MqS_w31m5XPLa0f86Hw,16,Soraka,200,UTILITY,UTILITY,False
NA1_5511453655,WzX0ykjzKDLjGdvlTrTG1H10NkJE9CvZRNl2UxhMyMvKtD2QRonJYk5IK68MAH9n9HSIvvZRCZ-zog,412,Thresh,100,UTILITY,UTILITY,True
NA1_5511453655,ZJsjUZf3vcDJmD1isH69ybVPpHwt-qlAZBT0inGW08jcfuD1GVLt194hxbOluigeu95c6cIXgs67sw,111,Nautilus,200,UTILITY,UTILITY,False
NA1_5511423464,ZJsjUZf3vcDJmD1isH69ybVPpHwt-qlAZBT0inGW08jcfuD1GVLt194hxbOluigeu95c6cIXgs67sw,37,Sona,100,UTILITY,UTILITY,True
NA1_5511423464,w8B5dNDwzAy9AxvbDUYSHhpPmQSCSfk2wlMVOhA1ZRw56p-fgXJzOMwTmTtxFAsITxTC7TG6fqT9JQ,800,Mel,200,UTILITY,UTILITY,False
NA1_5543448769,gTbmkVP7Hc9-ROpPpF9MLvPOmgNEB_9zypsp97SM65GD_eIvJtJIs5ZcJTsWs74Wt5osZuF-xiNZhg,161,Velkoz,100,UTILITY,UTILITY,False
NA1_5543448769,G5hgQu0Y43V3UEZSBOcNoafnm4XwEFNz3jR4sxOKCaPTHVL8ZnBRPvuzorgej0DaY6gBD2NtxooRlQ,25,Morgana,200,UTILITY,UTILITY,True
NA1_5543427039,m2SXnmc9Kk3SUH_cwHreHcRzTCDGBQombOs1t3TuV_Y0Sgdiu3n9AE4rMwS_1k4h0J4bItFYZLbUrQ,37,Sona,100,UTILITY,UTILITY,False
NA1_5543427039,7W6jUKuDOpzrVzA3qA6dPQahE-zrISxj7ISU21Gw3xz17b2QBZj6aYlN9t7dqAffsz-iJXlD1fb3Bg,555,Pyke,200,UTILITY,UTILITY,True
NA1_5538799171,gYb38mSc053AhoLBxZmFFSIFRt5JPJvDwWvzH9wPAbtAQ1rZ6tBWak7thQCIaJM2TzHLYxoW4jly4g,16,Soraka,100,UTILITY,UTILITY,False
NA1_5538799171,wWW4od4sdw2ZQpxiu0Lg-mbbW9g3j4Cl2As3DSIU-VlXTYc6zbCAHxk4PGmedflLSIYLvqHIPG5nAQ,555,Pyke,200,UTILITY,UTILITY,True
NA1_5538784600,1f8LPM0Qg-gdakjJcWMi73FRGcbEzbo1KllcIQ6urFAWikzYV9IFzqRLdABFhQgasectQeEnQYOikA,235,Senna,100,UTILITY,UTILITY,False
NA1_5538784600,za0nBDoR1GdJBuhS_4SygK4FuqyYocsVdQNMjuJLV04iXqHLPM1lcMzUIbE-sYqj5p6_j5vfJ_3qqg,800,Mel,200,UTILITY,UTILITY,True
NA1_5538769576,bp7-XlOYdruiDavsCRbBxsY7NteWlQzbaMXPEGykSkHxrDfJ2SOlOm9S7eIZWf5hkQHcyHffTbeDkw,53,Blitzcrank,100,UTILITY,UTILITY,True
NA1_5538769576,9VkIKX2Tl9_3apC7CTuaTCVhtYHCptCF46SWBejruNTFGhRt8X-NSFDP-pcNrZGkjEPNLskg5T_-Tw,350,Yuumi,200,UTILITY,UTILITY,False
NA1_5537926267,n6OuBVp-4ni7S-BynNaq3yeYwoF9ZW6VotgpFXIDh7vfUw5WG_re3mfzSQial-2O6xPySdBLGjmTIg,111,Nautilus,100,UTILITY,UTILITY,False
NA1_5537926267,Bi-PBkau4ZQCtFvtqCL0FikOQiYQuoeKtLfWeS3OS8DSnVf7q_tCXKUHILoH_2JAUywAJMf-CK78uQ,16,Soraka,200,UTILITY,UTILITY,True
NA1_5535959744,3ShBh3Se1UneLCz9X2JVaQdeZEwZIYDnAeWGlwzjlU9P2qbYrUpmZ62Htdk1Hc6i9GTUvGCUJbFjVg,99,Lux,100,UTILITY,UTILITY,True
NA1_5535959744,17XoDDCg4xMThHF2PndM1CZEv_hah3g6haviO43i7dkkqDntLfGQ1WSZaLYTX1jaSL3UYAVvqTRfXw,350,Yuumi,200,UTILITY,UTILITY,False
NA1_5535947178,7nRAuilNguq-cF4aN18KWy_QtxiHXbr3E41L3Vd5m18_nnKuwNKT8yfNKyOKKiKcFdORYNh2Cxy0UQ,350,Yuumi,100,UTILITY,UTILITY,True
NA1_5535947178,HI-Qc-Fqria5UGjpKJEYYTFZtCZB7st40a8jvjWz8XsxPlxM9329piuGEocFulXrmNPofbAg7lypCg,412,Thresh,200,UTILITY,UTILITY,False
NA1_5535927579,o7wkq_uXgGPnXW6pGscNOoGUR0McSvD3iTVWExPavejolZ4EWDtrdG-Ze_47LuTyVQ9eDGSzusnMmw,555,Pyke,100,UTILITY,UTILITY,True
NA1_5535927579,yLcZANqyl4U8kKZiFawR63Nk4JIIBpo_dK2Yqvdz2IDuKQoAYzc1uoFFPVmdTg2730UaW6V2yk0Wxw,37,Sona,200,UTILITY,UTILITY,False
NA1_5535919495,rcvcWg7Eb0C3nOjOJRRwk1jopRytk6SenwWBJK_EkpgGylf7xiZyptZ0MLWfm1nbBYA2RnGqBWPzgw,235,Senna,100,UTILITY,UTILITY,False
NA1_5535919495,xcz-ppMXXwWVThQvRFnudYv2-kTvZ57vu7Vv2D282Av_GM7ptRUMIaVyBGSpLZDJ9PZgfvtNO6nYUA,143,Zyra,200,UTILITY,UTILITY,True
NA1_5551976173,eOsspjMbKUw1oQwP8qIaXLL9_He4WAK_dUTsSBGdHKTCxzgwF6bxUfIiylZSRZnAjYcs_ej27C7PVQ,99,Lux,100,UTILITY,UTILITY,True
NA1_5551976173,zNhRvUyMZtVaG2gIUVV7yPOke22U_cSYtYzW_X_h9te6UsTUgQn8KEXlIX68QmhfFfoprUMLSkUv7Q,117,Lulu,200,UTILITY,UTILITY,False
NA1_5541717651,CNy2mAjDcofPnvQGiszKROvOv7D2w7_NU1C1ILzibHhQDmf12xFFfgR6hnNf3YoPhG-t0ysVY6F8pw,99,Lux,100,UTILITY,UTILITY,False
NA1_5541717651,HtwerIu3qCwCYi-O2hjcQWKZYDXUh74YQ0LV7nM7DvC4MrHVEBbGl199rS2F5q9q_KBvWDW5etWTSw,497,Rakan,200,UTILITY,UTILITY,True
NA1_5541693640,2yVLvPyL5-afcESIXMfRkIdUcHo6J3dn_jpduS4-Y5mKZ9VQNCexqEthtSCIcb1RFUpY1U5TO7MGJA,50,Swain,100,UTILITY,UTILITY,True
NA1_5541693640,c217bVrhI1lriBwSYNjrFYNBIUlL3LbrvsgueWHNemn07WS8gFCnkMz6306BXI2NddU4HvYh9VYDig,888,Renata,200,UTILITY,UTILITY,False
NA1_5541653505,tj6DLdcHlOaNvdLhPF1YzeI3HpOFfZv3fpyzFQ1eLRtedai3scqQMQqQ_GHKGBJzwgklFMYAlutGzg,99,Lux,100,UTILITY,UTILITY,True
NA1_5541653505,RYqt45oDg9bQDjqLWtYIQy9KY6crYpTSQqh-ySSopZpxWodA8ChcoL3x2EvI9plLpiEpQtiVekP5Lg,16,Soraka,200,UTILITY,UTILITY,False
NA1_5541622167,zB4jPegSPSbrnHiSM6MMW39ErsmUV5DZHLRJ-SpEcE88JqF7j01K4SsjbgIP-FQMgzXY5cptz9s-Jw,99,Lux,100,UTILITY,UTILITY,False
NA1_5541622167,MkpIIRAP7pNNVyioFG0fBJCy6bDGXCBJjTXDN3Bgri2YjL_9djH4uqVcm2uviQq7EWbh4sNDEl_eTQ,26,Zilean,200,UTILITY,UTILITY,True
NA1_5541593859,wh9iu1moSGY056X-fwMRM4NHB9eCsNTjZApbsh2NfPrwHjvz66b1SqtI5koogTdLroGwIxC-rK3tHQ,53,Blitzcrank,100,UTILITY,UTILITY,False
NA1_5541593859,S_3BdajivnpKEwMJQ72xNVrs2AZFPDLH1btG3RTfopNoAvaBci9P8c7jAgU7Y1I7gk7M1rJR_DcCxQ,136,AurelionSol,200,UTILITY,UTILITY,True
NA1_5541559287,1nIaAJBjUFii4d-3bwAmqH9Dn14T9Cov9hhFL-uREtZMgbvD1IPeEhMwHWztJdNCGYn4UIwanHqDxA,136,AurelionSol,100,UTILITY,UTILITY,False
NA1_5541559287,qgATw0bcZo4bFNQwkREwUrrvqXZaHyfMykcLSxpNmC2u1VOV5TGE2TF7kJyMBmDK1d7IkCnHmM6O1w,235,Senna,200,UTILITY,UTILITY,True
NA1_5541455135,MAxOhDZaiae4bqhnH2kt4YV2Bw4bA_XH2JUk_sDBu_QQXe1Mv9gQrkdecJsxfg6FbWeXRRHczYglug,412,Thresh,100,UTILITY,UTILITY,True
NA1_5541455135,pgzxHdMEto9XL7Oyr-15S1evdlLnNGIYy9lgWdrWFWPymwuwBtW4k1oHVUHd8K2c0RW20BgElXRcqQ,36,DrMundo,200,UTILITY,UTILITY,False
NA1_5541433785,1e2NYkYA3jdaWUqNxw77rH57_BAS12lj9vZz0CrdWNLjdVAlfKi4PtMF80GgrfNceBqgE-6bPGRP8g,63,Brand,100,UTILITY,UTILITY,True
NA1_5541433785,GFotLz0lIs1-8EjCpqHoxTx-Yom8Ufttzfr5HcskjB27MXKM-_F5w_1q46LcU2WeKKPxsHgf32brvQ,147,Seraphine,200,UTILITY,UTILITY,False
NA1_5541418105,8XTN8xuTMixVP9w6Nrbt977SMkBi1lYRf3qMTHDYk2vhTlPZXOFzrfL8VUAokxOC8CePQ6bIALJdFQ,902,Milio,100,UTILITY,UTILITY,True
NA1_5541418105,V26UFgY6X2rGiaKNFVYBnJZ4Z1tyIuCvGkdpI9NJQd_kZtCFxDv3bT_LcZ37S4vqhjsgAZNzPMoiGg,50,Swain,200,UTILITY,UTILITY,False
NA1_5543150322,lbnDS1wlVbMZOufaltwPqEcN0DY-quoYSJtt_qaYVZd43sWhWwazWpT470v0XLEVCCkQZtbUtye8Wg,111,Nautilus,100,UTILITY,UTILITY,False
NA1_5543150322,CDT8itFnbBd17lxl7L6TVIR2jbsLqy-PnALyTT9vguv4X6kZsOqH-TyeDpP8DmMsdGc9LYWwUWoE4A,80,Pantheon,200,UTILITY,UTILITY,True
NA1_5543105579,0Z_jtnRxnDGghYXJxTcoMVA8URosgGY0UgoTlWuR3tB2LLOsRgwKbbejtp9RpeLREMm5KkTg3mWmCw,267,Nami,100,UTILITY,UTILITY,False
NA1_5543105579,TeZfShvUt5JMO0bIwKwLD2rYAEkT35mfDBVGTJkMN-n5dkSI2KefQtOWhOswhCGnL2xAM7zSjTfdDw,99,Lux,200,UTILITY,UTILITY,True
NA1_5543076345,godvcDv6uzYpgUVn43FPgFSyfmpbR1iN9fgVJCaZ4Fbo-cs-iYYE6OlQY9bltbAqqPxOKATSsY_usg,89,Leona,100,UTILITY,UTILITY,False
NA1_5543076345,lbnDS1wlVbMZOufaltwPqEcN0DY-quoYSJtt_qaYVZd43sWhWwazWpT470v0XLEVCCkQZtbUtye8Wg,412,Thresh,200,UTILITY,BOTTOM,True
NA1_5543039610,QaTuiXdvpD-j92JHiGG5gW6xkOafeu_FQ7gcNzGPqp3AhiPMPkAWbH_14qE1jUaS6d0OiyAe6EFBBg,902,Milio,100,UTILITY,UTILITY,False
NA1_5543039610,kdGSNLopOWCAWvcQk8xG1aZ_QLaBpmxybMI0hy6rhH4yIWeqdGFic32EquKUF7rmdRI1f0rl2yYRiQ,412,Thresh,200,UTILITY,UTILITY,True
NA1_5479586708,B9A6HkhRQ1R2s_acGrRAdO6pWIDJFoBq2pjkKHkupXoOcJuzv6A988pTZVYXhtTzv0rrMS-p3HKJAA,44,Taric,100,UTILITY,UTILITY,True
NA1_5479586708,CjHnJwNQHyjZZC8eM8iU-OHST63Rp27w3UNPHryhYkoVLSOHkZZYFZ9L9JHVJKk2YYFHvon_dDU35w,80,Pantheon,200,UTILITY,UTILITY,False
NA1_5479559091,CjHnJwNQHyjZZC8eM8iU-OHST63Rp27w3UNPHryhYkoVLSOHkZZYFZ9L9JHVJKk2YYFHvon_dDU35w,80,Pantheon,100,UTILITY,UTILITY,True
NA1_5479559091,XS5ApOax0woNaF-9lHoEgWl5VsqZNyc_q0lTD9w_jaWxSBPOeZAgUb8d2WHG245kKte1tQejOUrd4A,350,Yuumi,200,UTILITY,UTILITY,False
NA1_5479502063,PW1OQeLbcbIChnoU7E28uxxFyq13NCqzUlFDyHD0FI4pRTA37lYXqOvrj88h0Wz4Ho4BLmTaiNJgqQ,147,Seraphine,100,UTILITY,UTILITY,True
NA1_5479502063,CjHnJwNQHyjZZC8eM8iU-OHST63Rp27w3UNPHryhYkoVLSOHkZZYFZ9L9JHVJKk2YYFHvon_dDU35w,202,Jhin,200,UTILITY,BOTTOM,False
NA1_5278587354,3W2yW7ZVzg-7TFbX6qmye4680H5-EzDcErV1-ZDWfhWR49RZeLmgaEyrQST6BtBjlSaDXPpUTZhaDA,412,Thresh,100,UTILITY,UTILITY,True
NA1_5278587354,e40XUHK13V8wyrj4X4ggyTXUEtBk1kvywtBLocQ1RzguoOY3jF3xMYDdIQcNzz43FFv_mEVA4g1Y9g,161,Velkoz,200,UTILITY,UTILITY,False
NA1_5010329499,lbnDS1wlVbMZOufaltwPqEcN0DY-quoYSJtt_qaYVZd43sWhWwazWpT470v0XLEVCCkQZtbUtye8Wg,63,Brand,100,UTILITY,UTILITY,False
NA1_5010329499,CLR-0mTo7FhAgzUqTAK8q0tV2HWsogL1XgsJyzC8b1R3lpLp-vADlB6Xl0CSZMj7LCIRsxTXhoaJeg,37,Sona,200,UTILITY,UTILITY,True
NA1_5010295466,mzJ81HrRAw4Meqz2Lt5ZG988OyERLuYuqxI2ov5v1HJVI7O5F0_HcYLEJqAkUJKF48zAF8xrpslirg,555,Pyke,100,UTILITY,UTILITY,False
NA1_5010295466,LmhkBwYw3XyQ6ia4b55ACrcq9oD8IvmGrZQv-p99FpJ-54s13XnF2uEQTC9_RUQYuB-BLzNPTdz9Gg,147,Seraphine,200,UTILITY,UTILITY,True
NA1_5551978235,jzphsGIQzYYVKN1F4fIoYlXG7g0vTkbMs1rYenC4SEx4K8Aub7Ywpsy7kaLOtz833jjuOXYe9WFFPg,37,Sona,100,UTILITY,UTILITY,True
NA1_5551978235,E02rEajjnqUsTGLipj8kR1jZ0f_-Q9rvxfXC4gzz-LSxa5-FfPIM8pjAS9KbA2Jx3abWCAOBqwTsIA,800,Mel,200,UTILITY,UTILITY,False
NA1_5551971958,nSknJDksIsJBEZ-PmcBl3EYuGEQI-LG8UxLl4CRDhOldRiu0sysI9cxIG_jpZeJcoYyqLzn9zdJ4eA,1,Annie,100,UTILITY,UTILITY,False
NA1_5551971958,sB0d4l3BU582CdIVCwSoq6ZhkdYIw0Kwd-1l6VtnJxES2Q5vakOfc3dsiLq-MZm2IVBh0H_93iFuPw,122,Darius,200,UTILITY,UTILITY,True
NA1_5551194788,_DwiF9ERCqtP2fwz5oZwb7BRG0ECZLi8wjEcSrB9ua2Z2n_bZTqWrC7Sw8srBO0qYWSYYv2_2mSs7w,99,Lux,100,UTILITY,UTILITY,True
NA1_5551194788,OYW321ZC-yIFyS17Ayr1juwwdy-M3FfDO5FJshsRW0HJwDvyLGYDtkhp-UK6umSarbLQHyTPFxKo_w,267,Nami,200,UTILITY,UTILITY,False
NA1_5551184993,g2gBLSH6x9qQ825k8DpP0xedIC21wIMJwmMwFmmXGSWBYKq8c-JHY2mn1_wrLOeKZzV1y6HWGpf7Xw,350,Yuumi,100,UTILITY,UTILITY,True
NA1_5551184993,WWoXsDXds3-dTmmCNhOev4dLM4K-QnV2SiNwJNp5r1FfM5ak2lrT2HwaNP5HhQN_D6QPOoFjbSsg6Q,267,Nami,200,UTILITY,UTILITY,False
NA1_5551180505,O_j-bX3WEcggOVLssvI6g8eQa0qKTjpgu1FBLv94setniBmwxVCmxqEOwxvpM_uGvTMbFJhHtBdj4w,22,Ashe,100,UTILITY,UTILITY,False
NA1_5551180505,i36b_SoRtL_zS4z2ERGETVAA2k0Spc1WLjmpOQIOjjEdZmulmvLxfLN60zgEun6yBmSPlfMbVHHR4Q,12,Alistar,200,UTILITY,UTILITY,True
NA1_5550869050,danwD-TMVz4HjbSZKhr7FYk8oLfTyD2ezVzYftyxkl6nQCgVebHR8yHKF2PFH-dhgc2XxBBhgZg3wg,32,Amumu,100,UTILITY,UTILITY,False
NA1_5550869050,NRHjUvnL_I9cCp2yOE64RjBAdL8CIGgMDTiY9dhbxtScsHiZpQcqqMeRwOV-PQx2PhFDdmRl3kVgDA,201,Braum,200,UTILITY,UTILITY,True
NA1_5550834859,N4xIm8s7xDNBsswYOkzcoc79Xzw8cplyD2G4VwFS3FRgLXNSZs6Z7R8tyU2U-idPRTsb9mZIJqqLyA,161,Velkoz,100,UTILITY,BOTTOM,False
NA1_5550834859,8JIVaLrSM_e7bRkH7wIPtd8Qfc64SHnl6GCDzmr5Huqis6ttcq7diThC3R49N2tvxbkS7Jem1wejlg,235,Senna,200,UTILITY,UTILITY,True
NA1_5550796137,kGOMXemETTqQTjRO27Ft56PbYQHTkiYYhyU-_f0DuLXylH02HZh5XkDEq05JqlJTr1k70l0ZuT7wzA,99,Lux,100,UTILITY,UTILITY,True
NA1_5550796137,Bl99UaVBL4M6nhKjYgiMMr59htfVLyP2dHkoz__H_AdaNeuTBuMSdnqUAL4g62Xfu8-uC_8YtlrzUA,518,Neeko,200,UTILITY,UTILITY,False
NA1_5550776106,aPt2aC20xP2kIG7oOzAP0BHtjUwXRWRzpwG7GaXj_LL_O2-TOd3mSkwOwOWQuPNgre9_4XKTmUORPg,16,Soraka,100,UTILITY,UTILITY,False
NA1_5550776106,2m49pYATcUYGDnjwyrObE6BjkMIa0Zppl659zdLH96ZsmgoTbnqXHL7JM7OMqqpZN-Yao14B2iwk1w,99,Lux,200,UTILITY,UTILITY,True
NA1_5550024624,PzXXIEmRz8yIDIp_lNRPsq9ofGycewFaPheulBn7qCfHLi10-aMI_GtXeA1b1zkimNl0daBVuA4eBg,45,Veigar,100,UTILITY,UTILITY,False
NA1_5550024624,e77HeLOefXUwfqnoXOF_qO8d7hgfvU0TEiK7ikXMB6ZfocO7xUHK581kbj2Jv-kQDIduCirzVtHl8A,64,LeeSin,200,UTILITY,UTILITY,True
NA1_5551480444,DbGXJBuy6Gt8r-ERoH_mdTBtKKVxZnWcTidL28HyC075RZAhZ9jlZVj09o_yO3kWvw6mWnHWoCzy7w,76,Nidalee,100,UTILITY,UTILITY,True
NA1_5551480444,CPnWROp62MZivp8ZZRUUF8X40ycTvdqtCBBRFSZVFhK3glAeUg45JxjtNmdex3Ij5PCdXCmST-Ir5Q,63,Brand,200,UTILITY,UTILITY,False
NA1_5550309755,SLMD8OrCyO5YjAv8k2OkVFAm-t0y-_HUAtjLGjZVdYdgX_cm9XRNFlxMRm4olKTUI-9BzwPGlDLyrA,17,Teemo,100,UTILITY,BOTTOM,False
NA1_5550309755,8gnv7EbVlKSbxflNw2wjH7PByF0Oet6D3SW9jXa_bJpMfyiDkd6MsZqdyKu2WJlAX66xhS7nkEnHQA,25,Morgana,200,UTILITY,UTILITY,True
NA1_5550274483,cpIU5sRjG1b1WnF94aeCp9lcpbYIHOLCbZVARn1AMlSE388rWiD2yD7jsHGi7r3VPhphqb1Dnq7Yig,37,Sona,100,UTILITY,UTILITY,False
NA1_5550274483,-Lh4-bJfCiSLH3ksT456f8TKb87UKHgM3D-zDHhNj2UIIEjfEVa0aAsk5rZNDzFOecqyndGkBw0fLQ,25,Morgana,200,UTILITY,UTILITY,True
NA1_5550253158,jDkYGJovSi4NVqShyn_Ex29j1c8uDInhyAwoVszSxrQ32b1wnrhKtyR5CTYdqaHUDJZtvM4ovmV-ig,223,TahmKench,100,UTILITY,UTILITY,False
NA1_5550253158,f0lSUaznN3JqpRbycXIcAnBzUVsIQhKZLR-CTTZrslXFtTuqEL4py6rFTfBzMskyZnU3oyELbpKW2g,161,Velkoz,200,UTILITY,UTILITY,True
NA1_5550071013,vQVwH2lbY7W9_GWQAaFPe1vUTGmUpjVN7lJ78iHQguI77M5OvWp6JgyLZ9h3CuqzZIz3frMHBJvIKg,89,Leona,100,UTILITY,UTILITY,False
NA1_5550071013,jMfFlscb-vaoZokcbmkyaZQ3N7krvvtyyPSwPY8nSu1jnwTu3irhQQPoYml9JzrrHA5T2yLVhWSUJQ,43,Karma,200,UTILITY,UTILITY,True
NA1_5550043635,RIvVaXS5ggSothyBqHm1QL_O6PIN14XTfa_PtxokVpk0G1OFtB-eH6ulj8jaGfJIVacugqCPYzJ8eQ,526,Rell,100,UTILITY,UTILITY,False
NA1_5550043635,DDWH-JgAvoRB7AIrtKR3UYnJlfgmWGprqWlafV8B8Uos5r2FkWlMLmx5cgLSnENxZaemA_BnfJmj6A,122,Darius,200,UTILITY,UTILITY,True
NA1_5549751364,womBq2HOvzyTtUZtYhGYmiHy25JRJQP7XvNyBGQMtdIS3hwIp26HBNV6WOkDXdQ9LFf4pXzJFV5x1w,412,Thresh,100,UTILITY,UTILITY,False
NA1_5549751364,yo6iKHcc3EZCHEj96UMoHWC9xuecdn-c9jyrodkBXampSGwEp_F3b8cRrfX025IUlCEx4lXsRq5TNg,25,Morgana,200,UTILITY,UTILITY,True
NA1_5549730204,PBCNx4eiFWm_f3Gt6odiWz8R2Qsffre8Ut3GcOy8k2bBY3dcO657gilG76ea20FEr0DJzhbsr3Lh6g,25,Morgana,100,UTILITY,UTILITY,True
NA1_5549730204,dsSU8YSQDyoUAQKVhaYRh3vhpHAHqVcl0DiPPoDhO6SIdbTC5rJfxr5zbz5B6rOYZKree0CC09BNsg,518,Neeko,200,UTILITY,UTILITY,False
NA1_5549569387,xSwAjsJfxQNuQpoTxZNFfmg4dxsUPIau-gbLf-mHGy03CrnrbWc-b6OHFaXp6cNhhUjdcQxya5ygjw,526,Rell,100,UTILITY,UTILITY,True
NA1_5549569387,ZKNHVDQ3pl8rbO_mILsyo8LKR5cEQPTciFTKNVUWRCt4tqWe6rzqHmrNZUoIy0yG7aymRK_8TXpzFQ,800,Mel,200,UTILITY,UTILITY,False
NA1_5549441678,OznXA3tjgHzqfJNKKEm4ThuOBFTHQko_QBFTFaTo9hseQtV78EMv94QS8h7ScbbOC126MbHt6VHJMw,147,Seraphine,100,UTILITY,UTILITY,False
NA1_5549441678,FLw_dmDywNQ7_hIQKOzEeTEzDAuUM5JdJcolENRFazDM1QHreNWUVWoVkKgH0SPskYG7lsSBbBXcDQ,161,Velkoz,200,UTILITY,UTILITY,True
NA1_5553306794,FPscSoozJ6W5iO0SElA1iLGHZPpEl9ohJ8tWn1PAlpVUTlc0zy8GvOUibeTFNYUbUYqTmIf_VCoZCA,99,Lux,100,UTILITY,UTILITY,True
NA1_5553306794,pmiZYIBTPXXtAmKyXcBcKp1sx7l8qqIcJp_FicflCXW5Ah89dzd7f4_99_iUxd6sxpR-kBvHgQ9Mvw,235,Senna,200,UTILITY,UTILITY,False
NA1_5551243019,WTLIXfJNR__RAX8ttvfLovW38PbVamdBFuaQ5FGvyTYy7FCKAlQaXbm0ejSJqbSwMFJh8Ji5xxKcjQ,555,Pyke,100,UTILITY,UTILITY,True
NA1_5551243019,xQTeaqCtPQVMHeWrEKnrZirj1BRzLu0EPvGJuPkbeVzla-2c-OVCyHh75L5fT6RspovYmJ2JZIH_PA,235,Senna,200,UTILITY,UTILITY,False
NA1_5551225495,XdxM36u3rfh8O5dqljguSKfJjcqpTw9RN8lZVyJIczSr_lRdngUJFg5_QoJbI0WaCbeSyIneGJstJA,233,Briar,100,UTILITY,UTILITY,False
NA1_5551225495,LpuL228bOvHCPD-5p4hJ_Bi-OFg7HrDHugQPmfeENEvoHYJhMbyTjfcaZSQ6UVZo5h6G9wmvpEUPug,267,Nami,200,UTILITY,UTILITY,True
NA1_5551201206,EmxZXoPwXWuXOFg5QH9ZUEx54Kepl0I89AIavt4R-crVm17UdgAB5utGxG8yGT-K8YTWBibRQzLwXw,201,Braum,100,UTILITY,UTILITY,True
NA1_5551201206,c2m2yCyLxz56aoyoAsUMOi6221Ds8JlUnpx4tX4LqjKrfXFvzbwFAaNnP5mRPAEfui25UzINjsuQEQ,80,Pantheon,200,UTILITY,UTILITY,False
NA1_5551017115,c2tfUUVyoZKNPIieH-vcnQv8iHPT9eSU06GadLUSQP9Vq3J9ZIUTmDenRabRwt5zqJ48QncE5z7f5g,143,Zyra,100,UTILITY,UTILITY,False
NA1_5551017115,Js-EzoTuCpaxZDdQyrJqHukrLVxn6v5rq3A0kIUTLCETjW4dTjEeSF1lKZN_dot8PfZlmySMftBaSQ,99,Lux,200,UTILITY,UTILITY,True
NA1_5550918336,9OsDirG3qX2gubh0qLdQ2mPE-hBhw2QKGMZnbd7yxhcjlNjjRhgpSYjwwAeGXoEHz2ck67XeXkL88w,267,Nami,100,UTILITY,UTILITY,False
NA1_5550918336,wt-jQFfBZqrGdvx-UwLQPiNTWRkTK9IKin5eNPdF8Ofoc9ctf7mnRBzNhqkeNDK3ZLr5_iv-1ufWiA,25,Morgana,200,UTILITY,UTILITY,True
NA1_5550878085,GIyxiWFzZunl0jBB1m85kV8DLPB7i7Kf3VTYA5NEZMfYUgH4gToywe3BXP0k4oGtG7iIUYJZbsC93Q,89,Leona,100,UTILITY,UTILITY,True
NA1_5550878085,yjC-fBJCc_uZ7TMXLvbcttGSJtaSoLJc1jNjR79I_6ZiqABqjBdSVTp6Qdyzp8r8daKKgIEGf2h1Jg,63,Brand,200,UTILITY,UTILITY,False
NA1_5550828805,rRqYEkYxWir0EvY54xSfI7g0rIv_xrOq0F3u6CInYoIRS-vklvOoZr0DKUscWwo7w9209SODHaBoZA,201,Braum,100,UTILITY,UTILITY,True
NA1_5550828805,pskz2bDNovVyLhfRGMbW0uCUR0EtxywH_76CUoSc_R6htL_bftolw7lKojh3zt6LY55z_FiAoLd_8w,432,Bard,200,UTILITY,UTILITY,False
NA1_5550778511,4Pg8fFN7zSjjEjwPKjfu5-dZJPKqIGPZwu9qQ4irsVOh_b12ScZVWIPUv-kiH6mfmTkQDcoVAA2nJA,25,Morgana,100,UTILITY,UTILITY,True
NA1_5550778511,NYLj0EF4AEBDQf8anq3WWsY3Ghgmbm9mBTmCUMdCPnwpHV0gE_O6Lwhn-tFjLmJpGD3zlkCuzVj7HQ,147,Seraphine,200,UTILITY,UTILITY,False
NA1_5550668955,dB3qb28G-Qdv4PilwhYdNrzQizLpGC3ayMWU4D-hfImOyCc3gQ95sD4WgVi3qxvxBsnugNkCLs-hXQ,143,Zyra,100,UTILITY,UTILITY,True
NA1_5550668955,hujRC9vC-xG-gR9KwE1Tw9i5iotOto-RNuOjOg1njBj77Nm8MtPxQloFrXjTIgGcqOPWiwWx51cVBA,161,Velkoz,200,UTILITY,UTILITY,False
NA1_5518457952,WYAj3w8-xpYgPoqo7_dQy3IuZUE5p-i74FbcvwkiZbtv7r8gLfXYpd7Zk0dF-Uay9mXGurkF92MUHw,800,Mel,100,UTILITY,UTILITY,True
NA1_5518457952,RoBE54nQNtQfM_9iYVc-wKGeoBr3GfGjWyJTxzDqZjdnEqOBmU0ldsTB5OadVgJgLKdUndkKi30VXQ,111,Nautilus,200,UTILITY,UTILITY,False
NA1_5517945413,-O6JzSVwPUn-NcW9hLT2BoftzFS0cCmP9zgIBxTq08mMagvCBcdtDki6Y8mCvy9Xjmvf4YKuui5eUg,147,Seraphine,100,UTILITY,UTILITY,True
NA1_5517945413,YeUcb38mPvlZh5f6NnfuGwOaL5JepQaP4consEPpjzS7X31bWRq8IJfm9gc9E8yVBVZmdmQIVB-bcQ,50,Swain,200,UTILITY,UTILITY,False
NA1_5517911966,Zi6lKVBuKiuIog83NwXn3c1qnmV0SGlYzBBhLS5dELCbCKv4scSbcUxU8zwstLHvw376Pv1CzBgdFw,40,Janna,100,UTILITY,UTILITY,True
NA1_5517911966,TN30kyeqNgAw_yqElkTbU9L8FGouvL7HMU3YsVSlaMDQx_OSklk874I8gvVw54aOv28DGzBAfECxPw,57,Maokai,200,UTILITY,UTILITY,False
NA1_5516988944,_53mZk1VRUXXo8hVZedxwgHdX8k6BHcnOENT4G2i5GNcmIWICww4Kuq-i8uaRkDILzZ0sJIGfZAxOg,147,Seraphine,100,UTILITY,UTILITY,True
NA1_5516988944,3n9Kz3WcDT0cRQd7TWm0AXxC3Yq5nu7pAOSaJ3AI8cks-DynhUOvYimbiVNWbtNQffENyRqJSOwewA,223,TahmKench,200,UTILITY,UTILITY,False
NA1_5516391640,oNfZyjbAfolv6TJJC18DFaLW_00k464fCMGWYqb0ppPDaoinYepCpltDMgMkH4mjViwEK8iwkCE2pw,412,Thresh,100,UTILITY,UTILITY,True
NA1_5516391640,BBQas0zqqlDf-KeUfYcDT7WUL-ixJhNcwRXGM49sf3TYmB1QPnt6kRCONn9ltyf0msxflZcO_rlydQ,111,Nautilus,200,UTILITY,UTILITY,False
NA1_5516379188,O4tLgbpdojgycTYkB45RG_CUOiWcFH8hLs0iXAU0ujrGyJ3xOIjeBruNj0E_OVYfcvqZLP2mDmTItg,223,TahmKench,100,UTILITY,UTILITY,True
NA1_5516379188,0a0Vxn-kKOvfhNaPnM8odXGLfypsZg-Cny6rdKvn0yihUG4BLeYrLweu4xn7WgRSJITO60W-1ugBLQ,235,Senna,200,UTILITY,UTILITY,False
NA1_5516365241,fIkE_bStIwAnz4jMJhFAGx7W9DJcmDZi6-H6k0byQ10i8_zCV1HQN8Cw862qJIdq1UQeDSR5HpFEJg,888,Renata,100,UTILITY,UTILITY,False
NA1_5516365241,GgDrEXRlqBkDyMLNf1ILvBSpYz3w2tyl_VhTMlW8Q_33LsGsBSP4k0gi3RZVUbEgHStcAIHO02pB7Q,89,Leona,200,UTILITY,BOTTOM,True
NA1_5516146448,hHkuQMxOVZ1yFnlE3yE9KQRjmptKZaoYYlylvfLOBhgSANO__1WsdcKixPlDtNUwNvrvv7Hyh6Tt1g,235,Senna,100,UTILITY,UTILITY,False
NA1_5516146448,AujZOnUCl4UZXeCVZ_bNPNVHBO5h7j7bDsrwxk23i9MG08w9k4jmOUC5vFLbhiZcESJ457O0VJr8vg,25,Morgana,200,UTILITY,UTILITY,True
NA1_5423749845,HSvYos-Jq3ZcILpkPGS4mXHnJB8Y3IcdXpRI95Ukltj2EPbVSNHeacbzyYiaMMo2v5Se3ryBBcZb1g,99,Lux,100,UTILITY,UTILITY,False
NA1_5423749845,NNUixFROiwL8iY6yRp11lpjaMAXM7Ji7pxTDRErHo6XfmuGlseNZ2EmddeSO1EMKhHSJsPD5xIjMKA,147,Seraphine,200,UTILITY,UTILITY,True
NA1_5388964711,coi4-Yp7K2iv30xb1o5FIt5gubR4S-E2dU_e7bLO_ZTbmr32IgpyXDPP1_EH5ALt1DgHa4a9qqn8Tw,25,Morgana,100,UTILITY,UTILITY,False
NA1_5388964711,YFWBVe5QqvaGTCQE5pvAadlG0vMztf-tKxDGbjMO5ZVteNrmioCxnZ5iSYMvpSV6T-IOm3rGJDxOAg,35,Shaco,200,UTILITY,UTILITY,True
NA1_5555073147,TStqA27kIkBRor7LoaW4KAvl6ppZsTuAw8dF0rSTb08UcGE6-t4J0g-VlHo_7TEJmrnWFwtOUJ3cxg,63,Brand,100,UTILITY,UTILITY,True
NA1_5555073147,AwKEO-sKOfdm7bRpqGm5Zy8GKzHeVNLTs1YQPui01oDNUCwuouByXGJRTfGcqmfxoBK5wb4gIR31Ag,53,Blitzcrank,200,UTILITY,UTILITY,False
NA1_5554980850,KMnY31X6mKtCoy_Y6kW1zA4IR6R-LA9tFetdBg3vO8S03xbm_1yic_EvFylqQy8OkwiEvF2pSzMnCA,43,Karma,100,UTILITY,UTILITY,True
NA1_5554980850,MriToVAMielRQT4nSkIwPfLhCpBcbMjLrQTEE_GJmr46vvZauuGQmqt7yFd5GSBJ2AQHn1SFKLw2Dw,99,Lux,200,UTILITY,UTILITY,False
NA1_5554937767,CrDJlH2Dspj7rBZEEPpArk5VCGx69ezG8y8_LMsF_dmCdKmqn4JvJbwWuyiWtfDwj4hTGZPkJY-C8w,147,Seraphine,100,UTILITY,UTILITY,True
NA1_5554937767,T3XVz3e91ghoUmgGIABjn61TAixC49ATMfutZgKtlOVtHXDAn178upRg3N_RRcOaNTx44AVrwTCoIA,25,Morgana,200,UTILITY,UTILITY,False
NA1_5554929804,DmBU1KdZrP3ck1J1WYXm0n3Xxyq5zA5NSjzIuUkHLMMssdc277BO1ChbX9Ns-XEuBNPOg1fEgZzQuA,53,Blitzcrank,100,UTILITY,UTILITY,False
NA1_5554929804,pFdt2lUk25H0tBLTbw3e170UOYhHOOmu-O9C0uG2IhwXA7BlWpCQIR93lmz15wn3TAFXaP-8fusW_g,12,Alistar,200,UTILITY,UTILITY,True
NA1_5554291194,3-VDCpw3hUFWvY3iq3cKnCFmFleX2Cxrh9MY1pq-Xl0oV_CqH3PEuUahr5-fca9yZGXxUk1UGC2oKA,80,Pantheon,100,UTILITY,UTILITY,True
NA1_5554291194,QIhlNPAqY-aSwRXlr2SJ1AFuVfRdXtzKnkCjSY3t5RdIXEbNHEtYsd1kvDEUHcl_8myFtl1xQCcQPQ,235,Senna,200,UTILITY,UTILITY,False
NA1_5554199359,x9t9XofxaNKPs7N-Mv8KqcVBySyFyEA7FHXtalF9clcN3_FSEeovfFxjlMTWkWcwJaUmeAaGV3rvwQ,223,TahmKench,100,UTILITY,UTILITY,True
NA1_5554199359,00LONk_qCkuC6z3QPjMafmpoVMWFOV4al6q4JxR1cfscR0Q536dmPd1eANHwZA9c6kQuH84kSJrQkA,350,Yuumi,200,UTILITY,UTILITY,False
NA1_5554157090,lYqSG4BH4RrQooLu5u368dT3k_fu8BmLsDYVNei5DtKQ4YIXa__neIHZJ9eVZzNa14pwj7KPae4bdw,147,Seraphine,100,UTILITY,UTILITY,False
NA1_5554157090,tbtXSh4grUDpOi6amez347ikdpYZamLg3A85iM66zNvFLk6-GlQhIF4NznqWNQQ6eCdxp5NBOxksJg,53,Blitzcrank,200,UTILITY,UTILITY,True
NA1_5554132955,TX2bb3d7M5gtINkKJSS8HQ6ZShdwNdvQj7atdUkJjafIlIoOYRduaM4VMDBtBf7Hl8ZmWESYMTGU9Q,526,Rell,100,UTILITY,UTILITY,False
NA1_5554132955,5Id8OILC2EWlN8P0eYILGh4Qr7waFUhMwHrcqbO_oh6nLBFn4i8F-vI0UZkYU_tWHbBogsaIYDpOLQ,518,Neeko,200,UTILITY,UTILITY,True
NA1_5553727509,xaHCwD2fmhVdzVv14zTPVAcEMvn3gZRwJwzy1h9qcAeIGNrIYaqTQD_3SO9OeZfimpib1-hQbHbEnw,143,Zyra,100,UTILITY,UTILITY,False
NA1_5553727509,AwKEO-sKOfdm7bRpqGm5Zy8GKzHeVNLTs1YQPui01oDNUCwuouByXGJRTfGcqmfxoBK5wb4gIR31Ag,267,Nami,200,UTILITY,UTILITY,True
NA1_5553624523,AwKEO-sKOfdm7bRpqGm5Zy8GKzHeVNLTs1YQPui01oDNUCwuouByXGJRTfGcqmfxoBK5wb4gIR31Ag,235,Senna,100,UTILITY,UTILITY,True
NA1_5553624523,6Ag0pJhjXclOyJFHAMqX6vbh3GEOJKCUFKU6SXJe7McmlDIEJ0wZ2cB_yZfvhDdOAy9WG1ESlx_Log,35,Shaco,200,UTILITY,UTILITY,False
NA1_5533659705,aYHFuCJMKR8rMG58ieH8wFqKelxWGo94U3pwNRl881t7cxGSoe4v7zPSGT26xZvIK0O5GJfT2qKBRw,99,Lux,100,UTILITY,UTILITY,True
NA1_5533659705,IBc1Dg0STaMVpJ7HmYWmAOtOnk_5vrGVrMeclnhi26bpct8BMo4zTaHiyaGv4rg1AOzPqmtazWGFCQ,800,Mel,200,UTILITY,UTILITY,False
NA1_5532405678,hLKHtUEYxHJFR9AKf91jYMfz9iknkVoJrVMYsaZKY6CqDTcdHUMftB5ObyPDddcgFXM8sRimbMNBYA,3,Galio,100,UTILITY,UTILITY,False
NA1_5532405678,phuGw1AMQ6qgB0Q3cNO8iaQESFY1A_Ah_qomzPVd125UzZlYdV_AV184ckX5bNtt_2FLYIVlxL0XZg,50,Swain,200,UTILITY,UTILITY,True
NA1_5532379054,DPcgQkJBSROW-MQJUoRNRgA1_sJBeqnMh9gyXU3c5py717vb3TXPREeSi9-23jg2-6c7LwVcAYXSag,43,Karma,100,UTILITY,UTILITY,False
NA1_5532379054,SLYHLgBP0zqs3Ur9Jfs8eOnFuEezRw9RDOpUiUOHCw7f0C4BIVf9pU940UsYICcFKnoVqT84xWf5xA,235,Senna,200,UTILITY,UTILITY,True
NA1_5532357574,SwEBeVE06Aic00VFAI-Wr6dqYGOGPLgmRVADHKbaeNg44RrpK4nR7eZyXb7rQ2tGRb_Af01F-nLOsQ,111,Nautilus,100,UTILITY,UTILITY,False
NA1_5532357574,98MC6EoUGh1KHDJ41iNTDcNihtMZ5jqR-M4lxGcW0jPq5LenL2FCewSn11M-JDpjI2QdtHoIxok1XQ,99,Lux,200,UTILITY,UTILITY,True
NA1_5532001848,1HMqRY-7FLQxGbM2VNLlov-AKQ-eI0D69qu2urWeacqES2A9s-N1Wucw5kJVykQ-IfS6aQa73tJbnw,432,Bard,100,UTILITY,UTILITY,True
NA1_5532001848,g4vgpPvEqsD5HTRjsqnGGLSHRaYzsgQ2qkeeYTCqVhjRdunwkBb9L857jpIh_p6o0e1iuLIgkPqgUA,117,Lulu,200,UTILITY,UTILITY,False
NA1_5531980703,IWK-Iy7uUC6PNtHbiTu8wxpEL6HFJNMxJs4rak3uKMl9BtKYzrlggOhVB9whObC-bqRWb8LygMAlGw,34,Anivia,100,UTILITY,UTILITY,True
NA1_5531980703,Bss6Z4D2wCYvBHUFfd6aFoFWEYmWGkUBJ8zsKmDSD14kfIfRYpWnacoAY9COwsEPvboTCwxurP-cag,555,Pyke,200,UTILITY,JUNGLE,False
NA1_5531954257,cfHDupZRLiCpMlohiWp90L63zrdm68OIzg8yrZqQqzIoo-I-BQQoDDb1To84cZJCMzK4-PbDluohvA,555,Pyke,100,UTILITY,UTILITY,False
NA1_5531954257,-RYwa3wIEUi5tppdDPJIEdwSBjuOH7BswLsn7gWR5Rjv4sTlpiGTcMccjcN7rbjdL5SdMX-ryJ-Bzg,25,Morgana,200,UTILITY,UTILITY,True
NA1_5531932009,nhC7bxfzakay5YOcaga4mU_uc2yh-QUlHO8HzGg34yZtjWen_hY24Fv8P34RXG6wF7xmHnUfDfrhyw,89,Leona,100,UTILITY,UTILITY,False
NA1_5531932009,yRqBf5LWvaE6bjgTD4JvZiS7m1ZpWODxW17WWVqj272TvnLiu1B-5nF6hsU02qLR8Fx55uJjkeWUdg,25,Morgana,200,UTILITY,UTILITY,True
NA1_5531730944,1sgPHvhr8iRET6qlNWgqRldff-vRThDl9qzpTlnbOqB4095Nk7Z12V2GaYJTlmECAixqFy7Z4N-4kg,44,Taric,100,UTILITY,UTILITY,False
NA1_5531730944,dQ6dlmMbI5mRQHxsLg-PDExU12hZ9_lskZtPmmwdzFYzGFVgV-2lSMwAtH1QCh_Mc4Lm3uTIyqB3ZA,40,Janna,200,UTILITY,UTILITY,True
NA1_5531660860,PDRB4K8pCLF7VpJd0mXrPEjxcie7sPhTF58kTP4-GvKgArtBP1LNad0BejwNGdEfmThsH-umkOBPMQ,99,Lux,100,UTILITY,UTILITY,False
NA1_5531660860,Vge2Csb0OZ9OjT4NCfxeN-y52V5FvzCelwQdWuymB7d7BnzqRP5pcsDojOTwExguUtbuMNbkpzk2YQ,80,Pantheon,200,UTILITY,UTILITY,True
NA1_5554596360,Oun86VOoOSLzkfwflc9hoqnB8aaQtu-EZn0P6O81D-xCHypd7Wx4xT3dfSeca9ckBkDvKM6LHTrGvQ,412,Thresh,100,UTILITY,UTILITY,False
NA1_5554596360,KXXQwEOi5k_gIefHRxyk6s2dSWGeVWwIqwOOWht-A6xSvNg7aqauI_pBFWZPcE66fxxzRw31IFYi-A,50,Swain,200,UTILITY,UTILITY,True
NA1_5554586722,KFiTWhpnQmshbX8T_5RxY3XOlqtTEshROAsRZLOrNqb5wts3W7ieXJI0LL3FT58jQxVG3RE2YmvxBw,800,Mel,100,UTILITY,UTILITY,False
NA1_5554586722,q4SP9jab9FdWk-UA-7zh18cdleJH6Zl2PeCn6CAvcUz4HndkWItgCV8un7O6qCMvJNcr3kAC2WICQw,350,Yuumi,200,UTILITY,UTILITY,True
NA1_5554578342,UOaAxWahylTVzVTDJsDGmgfbwJOROPXZJypGgihZuwy2LPBO1cPTfNxp6SXvB7u0tBnsOWhKxnYxig,517,Sylas,100,UTILITY,UTILITY,True
NA1_5554578342,Aj2UPmUnMtB9fofOhEHZYODg9Usv4And7zuuv-u7vj146Rx0R7KlPh1hjAmcszOeHLV8zMW6d5mH8Q,147,Seraphine,200,UTILITY,UTILITY,False
NA1_5554561776,NFdLx2f8v-tzMIQm6Yl0eEOrkxHHIq4iJc12MLDc_d8_Enni6cw_otOaUY_SZ6BwE_QmdyWyn5VoZw,245,Ekko,100,UTILITY,UTILITY,False
NA1_5554561776,eAfl6y280ZrFKxMgnSRkiac5V1Y1q3-3364i4eBeUT1pBZgULVBymNI18_7l12J_AlG9a8MbU3UpJw,50,Swain,200,UTILITY,UTILITY,True
NA1_5554536431,lW31GOqYDNLQ7vVmXjQfEG3w1yRyb19zMKi6S7lnusJEq0aNS3FH0oJa_iIEVC82uV9NpK7RH1XEOA,63,Brand,100,UTILITY,UTILITY,True
NA1_5554536431,6xx_2JQ16WD3VQ8Rri8MmlGjOhWlwfKK9ey6vG0cw1FkKj_vW0WiWiiGInU2avVAonbCNmnVbUz04w,235,Senna,200,UTILITY,UTILITY,False
NA1_5554395287,ghiS9hTna8qyvs8G3FKWnUi5hkSRXYmmMlkGEGRdTKunfcS-e9h2e2K-_iXvFGwmiyURY5J0uvBjPQ,99,Lux,100,UTILITY,UTILITY,True
NA1_5554395287,NCl4xwjbl01jTJTq44jB4ERyMjNT2lDzwuED-6khty6xfbc-8PX6P8ieNT-t2DBa-Y7u5r-GvuiSaQ,143,Zyra,200,UTILITY,UTILITY,False
NA1_5554360773,5lA9AlPXOzHpkJXxrcAOUx_n7jtjGFLBiGZVo-mgczVA4tZCOxof3T0GU9SuuhgdEjpEqW3CpQJlog,164,Camille,100,UTILITY,UTILITY,False
NA1_5554360773,0-wdg4S7RhBi8wog_cECakluhCUr3Lwy4qAhvDLtPOsgtRGnGGKipWXl4EdAiybtP87TCLcsVkqE3g,143,Zyra,200,UTILITY,UTILITY,True
NA1_5554347062,Jp-tarJHHr78Xo3Bkf7im64WCZcGpi-OqqArol9oJL5vk9ZZePpRHk0JWZbjk_5kLH5uj3qgpUmGYA,111,Nautilus,100,UTILITY,UTILITY,False
NA1_5554347062,PQv6P3fHjerHK66lSSu5Ix7mNDkTm2jSSJcyGDybH9e4ztnPxkLNFhPQFyjRfNpqNxrNC0H7bZAOXA,25,Morgana,200,UTILITY,UTILITY,True
NA1_5552553716,aYiwKXQfK5aHeMt4bEKTvCw4Zd0hWYwLFO1pzuCt98D9fNokkI6Yu7Aw8DfOPdX9VeUYoygu8brdXQ,37,Sona,100,UTILITY,UTILITY,True
NA1_5552553716,GW7TMCzLJiuzr1pAXkBqEXS0wDRgJ_CiRXqfhFjOJOk8Fk-BDnHDhC6iTMKPiI8tboHLSrBK9a8VGg,201,Braum,200,UTILITY,UTILITY,False
NA1_5552313704,fckBoBofLdafo1vdzlzQ103e-WampQCZlli6PJPN_WM7j4kTOQkLE7N7QJyyg_lhaE8-D6KQCF4swg,117,Lulu,100,UTILITY,UTILITY,True
NA1_5552313704,AgPoVsjTE0XERXQpT3X8SjEe2xmhYb4izPht1BHJ_ToBW3GfXN6Vw_lX-7qWpakw2SYp2b7nFy7ZuA,14,Sion,200,UTILITY,BOTTOM,False
NA1_5555031341,SgAHEfJKuwQmybMmWQqfiEXB9MC4KVyZsUlyLyDd1VT2cf4-cHVO1nLfvPGonvjaLzFwZZ_92VgWkw,555,Pyke,100,UTILITY,UTILITY,True
NA1_5555031341,eeISomB4CbZo6puiPI5LUeruOQg_-kNfV_DOy2NM1M8s0HVEVd5g6OaU3tFm2rdCqA3zs01yS-lLqA,201,Braum,200,UTILITY,UTILITY,False
NA1_5554993274,Mc2xQIGEPNAdOobgGZXTGYQ22k1XmASnmzlkBnf7k7VxsFEXh5bL3E8YiGX0npr-APruqb7szx0hfQ,111,Nautilus,100,UTILITY,UTILITY,False
NA1_5554993274,5elpq7XP84k80Ok1p8j689Jnr20lsCIjkym9Kl0-w1ym4Rn7x68nSB4eDfMsZZ9PxuL9K2idLhsbGA,78,Poppy,200,UTILITY,UTILITY,True
NA1_5554855333,kyidNtT4sXgDG8wxOtTUkqCBeMdHCjHYB7HPj7AH2zTYJTi49dVW4-REnqYr3PnbLLXRevIDLBOt-A,40,Janna,100,UTILITY,UTILITY,False
NA1_5554855333,hDnWRc66swMHIMLtvIDAnZkzBCIMt3o8s1V0_G_mtbNoibBFBLeTPaRpQbef9PThX-mTYhXCK5ga4g,147,Seraphine,200,UTILITY,UTILITY,True
NA1_5552288857,oWVD6xlj62wnyTQ3aykQDMAyvr34d6fjiAlPdw4nghKCwT9JOK7QL2JOwAYJosH0rhNPdDrW0h73Cw,25,Morgana,100,UTILITY,UTILITY,False
NA1_5552288857,vYZ2cV5m0S5f8fruhOj7iUeLDqShvCkXsnpWxztQbzjH62IlPRaUgsNp643FNyL7CukW8Io8TCnmSQ,43,Karma,200,UTILITY,UTILITY,True
NA1_5552255910,kwXlsRpF2KQzvJCsYibG_iRDu1sPqWx2ewH33GUVluDJQU8-5bM6Gr2KiJ9TBMCzy-dwXGWLDI0AAQ,143,Zyra,100,UTILITY,UTILITY,True
NA1_5552255910,RzFGaG4tJznsO0fCTR9QI7ALjlfGZhn07Y1aOn3N4aXhUWc6u5JavBK_JAtr3CFu-BXTHjkyDSD2Pg,25,Morgana,200,UTILITY,UTILITY,False
NA1_5552179684,P6XY82ZuXkQ7L74iU3LQsS_2EF9pn_avJ7yYgbPSz_-_6WRCLz2ao3ekd9ZzC5IefXH2wbg-yC_uhQ,54,Malphite,100,UTILITY,UTILITY,True
NA1_5552179684,WAPaBwnkaGkbt9UeRVZiqaTzr6PYb-_Z_BNoUM759ORkoXQbVTfUaZ10nj4Z_VEhE4dkJF_cejvf_Q,350,Yuumi,200,UTILITY,UTILITY,False
NA1_5551558283,sW-_t6XL-Ssy1AahjJeyCg5F3-kQDYKyE_sZBorH0U9UZRjcHCzTGq4vPSoKrYo5_6kFYWIZ3THURw,1,Annie,100,UTILITY,UTILITY,False
NA1_5551558283,MhgCS9cTee9OxNaIiblUPN9mhLV9GnUaWbxLR7fUO3Bn-yHaR3-Bl3dajouwJmsZuQnoSQ7I4XGLtA,161,Velkoz,200,UTILITY,UTILITY,True
NA1_5551539296,ZttKHFDVAhRD8bKtUWvaN5QE_ZP_zcmTLxM3zfIPyL_0LEOs7dB904h100CLsUf0t4S5PNXEmEk1Pg,111,Nautilus,100,UTILITY,UTILITY,False
NA1_5551539296,UJHhOMjf572jhJODBULKCi7Mpf4Nf3P1kuD3zO17YOfoIQ56d1ykJkDO-UpfmMPwPEPxU6EEcUm7iA,56,Nocturne,200,UTILITY,UTILITY,True
NA1_5519917855,Q0DWoS6vSRYtWb7yStRHp9kTmSqcTjzgxzikkY_jeJeDoSnHtNwcO4G_rm3L9oozYXoHGgGp3XSlNA,101,Xerath,100,UTILITY,UTILITY,False
NA1_5519917855,qBwXBjWAByg268m20VCH3AfJeI6OIsbH_uCQbdqwQiEs1FKXs9B4A2YWXo-hep8o0gnUObsfOuJIIQ,902,Milio,200,UTILITY,UTILITY,True
NA1_5519887302,SoxlQPYsaZPKCdq_d3eN4xJmjmn3BnERuZlpnumo6-7v53pBNqFS4Xpl5a-pxWk0Tqp2OdHf9e6AUg,99,Lux,100,UTILITY,UTILITY,True
NA1_5519887302,LW0z8O3p1g4nNdA5uMaiuWwdsalDbFA4O7Wkf_XGLCK_maoW4iisHvd8OejloPOiqevgMyBDe369Iw,147,Seraphine,200,UTILITY,UTILITY,False
NA1_5483790127,U4eCifNUvlGWltLoqRSiU4i3MaealjMJPlWqi_kfpPFh671_yikuNKoKD1hXmWHEzVfHVtYFJaBrZQ,518,Neeko,100,UTILITY,UTILITY,True
NA1_5483790127,TcmtIf4NWX6sL2HXM4dEYoBbeySSvky7b_po9swTMRJN0ZgBKQ93qCvbzU63POBzJw-hIcfzQBJnog,235,Senna,200,UTILITY,UTILITY,False
NA1_5483740668,YzpmIpPM4gQSkRf424uWFfMF1Rthe-kDJAI33gtQo7yj_ijxMeItTgaThAnpkoYEw-qq9EOaOGWRAA,147,Seraphine,100,UTILITY,UTILITY,False
NA1_5483740668,6lpuAHzzhqWdHt6gLA_XpdvQL4SDl6onV-K-M5xC39G6YlxY1q1bjlU7qKYvGjh4j0cYVIOzzr4S5A,17,Teemo,200,UTILITY,UTILITY,True
NA1_5481290125,AvpKpwCVDx2T1E3Mxfd2bWmE5aABE4V4Sa9c0IkcJBId2O9dxEQy2t2sXZrjdDxLH4vni__yOpPvkA,800,Mel,100,UTILITY,UTILITY,False
NA1_5481290125,T819NezT7gK9vUX_1W4vG67TGoTndBWGyCl1aDoNHfqodkgnMbosmMSkU_PEEVTepVUKIIoE7rdOwA,161,Velkoz,200,UTILITY,UTILITY,True
NA1_5481238354,recJ6tfuX485BXesQdxnK4ovIDZD4nrkX3n5Z4PVcmfwIfF8kx03ZRip4QgvtRp6yyKRZZXcBDniLA,63,Brand,100,UTILITY,UTILITY,False
NA1_5481238354,Epo7RFULk9ORrkoLNm7RFymlRDrRcQiI6wzcZmPJUtqBkLgsB9ho-g63nWr4p-zQIzAIAe4ijS5xDA,111,Nautilus,200,UTILITY,UTILITY,True
NA1_5481209690,XDkZEkyyt1nmox9TKMcBkPmyf1EvMsLSnsGu17K2QFB1_kQEwQ4XBQZoc2xkahhlDn1wRWt2QgLe4A,48,Trundle,100,UTILITY,UTILITY,False
NA1_5481209690,HG54QiHNqzokS-ef-AxoU7CzgHEr72H30v8tTGGZo5jyqjEmxAgVGEIMfUtqezTk6PTT3yw1P9z4Kg,99,Lux,200,UTILITY,UTILITY,True
NA1_5481165608,AVKgyvrxRn4961gXxHcJ723qgAN_JJMCpfM870XqcFA9PFDJQe2B_koLMTI2wKTdpSvQWY1o1qLOhQ,161,Velkoz,100,UTILITY,UTILITY,False
NA1_5481165608,VoPLl2AV0je1VeDqPoFgncFNg3hKRDFuh8HRUgEjJPcpivBNIUStC-ZBsySOu_UTd_j63XAHQn6cbw,25,Morgana,200,UTILITY,UTILITY,True
NA1_5481128831,Cl905tkJFehyhfqEmIcB1H5IDlDgWc1ONknR_LGWQDrsy7pZnsWGfyt8ZPUl7lxqcyi8fstm7sGy8g,99,Lux,100,UTILITY,UTILITY,False
NA1_5481128831,NQEw9gKiKuoT5-c-wfCJU98fh11SkcTHOsbFejqY_37lPFqcerR-QEUJdCeCO1WVS233iQKt7niTsg,64,LeeSin,200,UTILITY,UTILITY,True
NA1_5480490836,JB0uv2DC2niFTAQYOts4ftVWokI-tgAu9MflqMS2oY8L2jmWsT0IHxf57cEpMYj6bMaO96i-oC3eOA,99,Lux,100,UTILITY,UTILITY,True
NA1_5480490836,vYigK-9D-vIxf3_4Lrl5lRDC2GCFDEqC6FEM-2bItXSoBncVWw1K7FyvliDk3Avhw-gTdkyZxhDb2Q,117,Lulu,200,UTILITY,UTILITY,False
NA1_5480436910,r6t-zqeUa08lXiofLnN7_0s32hg-KoB10s9d6iNABxIM25Rs_mQg-1I8cyKwWTwHCgyirbiAvOsgVQ,910,Hwei,100,UTILITY,UTILITY,False
NA1_5480436910,2AGCwca_eLj_obupK4i7yqN1OeWhtb_SrYcDjLAAnvb5-FjBsNlV2XdjeRt6vkAIiRJhKlQWIvUqyA,201,Braum,200,UTILITY,UTILITY,True
NA1_5480191687,YwSm69aUXSkJQJH12ddS2O3l-W_nFUQ6HYnyev6zOyZ2TMuIln3-w2djzOYUaWoqZ9JP8SbDcsdkbA,555,Pyke,100,UTILITY,UTILITY,True
NA1_5480191687,DfDqcOuDHMOwgInockx_tAGlTUtT_xES35cvMweeTc9lCwLgvFriX18c8TqpHssCMKxWaI555Pkpfw,902,Milio,200,UTILITY,UTILITY,False
NA1_5477932306,EKjx_WnRnIaRtutOHq-b1LXz2Yx7fAJdoQ-ZKqT-l-Dcijq-lbmKTWPfpJfq6I8ahcnhTol4lcbrXg,32,Amumu,100,UTILITY,UTILITY,True
NA1_5477932306,td7OjskrQKr4pnEjrqeBOHnw5W_JDzV0io6GZmMAYf_RyWF21-VJt5cS96A1PXa95_m4UnJ_c35EGg,147,Seraphine,200,UTILITY,UTILITY,False
NA1_5475218098,2AWDmWx3sYOaMl6cncECFajtulyC_qoX2AgwTpukFUwiu9RReMM_Qf8V0EaqNu_IiIqL2Hh15tnlJA,98,Shen,100,UTILITY,UTILITY,False
NA1_5475218098,U-mHT1JFI9Xd6KTTxthOmluX6HH4ZM6ZMTVKW7b_L0fR_Da_eY4E0LKbkREc3LD-io1b-5nI3IZxKA,25,Morgana,200,UTILITY,UTILITY,True
NA1_5475048793,550p2tUqbvOOoxBpa-GXC9cd4awOS63BKHCVkNc7POA6EeCnp7JQYJL8Vk1M97lXS2sT5Suv70Qo1g,25,Morgana,100,UTILITY,UTILITY,False
NA1_5475048793,4R81UY4JIWvcv5cteJW5A6EBpHXeycgkYrUYjCmpuWSrzt2ppXe-JtLBmvRrntR3DUEcs9PO45TiAQ,83,Yorick,200,UTILITY,UTILITY,True
NA1_5474660553,OxsVfcrvo1fDZ5iL2ND5rJ-a39oJnram21e1bMlI4a1oaBTRJiHbMreNwdjuiotw6Js6Pgo3RjPK_g,800,Mel,100,UTILITY,UTILITY,False
NA1_5474660553,7JfFLim1AiAHXE918pYqa4of6sfktl4U_Ao7o2Ej2gPd3o4Qa9mtnJv9HlPUt9VsauME8GyOa7AtjQ,57,Maokai,200,UTILITY,UTILITY,True
NA1_5474396267,bi5HFpAzh0kZ3SgFCaYCH6fiWzNeKcdLT1Hua4CE9kdU5vJ4MsayMAm7FJ9CYylRKkLB9-_qftl6wA,63,Brand,100,UTILITY,UTILITY,False
NA1_5474396267,PtJFhLWvvbIFiw3IH90dktvKOLnX1n1_Fc0oN0E7y64aeRmO9fh-ytwZ0o4seAbHwIn24mvVXSpfiQ,25,Morgana,200,UTILITY,UTILITY,True
NA1_5473020335,kYxUPCHlQ_U5m1P5DNWC4YprfePwltKIlBFlkurPZWbwETBuhMiuIS1wKvekYxvs86gCv9G7Lx-gKQ,99,Lux,100,UTILITY,UTILITY,False
NA1_5473020335,wG9U4HPB-b3POQjVtLINiNx_R5TwPVY0UWhbquFGW4e3NfyBkSUoy-wHKc_HQrXbEE1UmwHvexNzkQ,43,Karma,200,UTILITY,UTILITY,True
NA1_5472986954,qYkOLzV7YFBWha3eMdrELd3BNQoY9dUgVNf8C3dZ61VSaUReY20bUHHcgBP92k_9VS7drh4bQ74Uyg,53,Blitzcrank,100,UTILITY,UTILITY,False
NA1_5472986954,W2UTgjfyLXKnhSg_m7wcSUgvi119FL8DVqP41Y9budHmI_1ZuT_7YoiROWGM_NZf31p5k1sARpcE0A,350,Yuumi,200,UTILITY,UTILITY,True
NA1_5472842734,BpAzxE2eOLIYPnQnFvQ8xLX_7HcANBZAlNXFjNAmKJ72rb-Ew4XrdY7saf1jfXGT1jw5hQoxKGZaCQ,142,Zoe,100,UTILITY,UTILITY,False
NA1_5472842734,Tzp6n9MDbovG4s5fM_InmZ5Gu9pqJeeDzSn2HMVhA7Z8QBPOMu9VyGqBlGXwsqcxsMjXIUgvfy9CbA,17,Teemo,200,UTILITY,UTILITY,True
NA1_5472059466,CvL9nbkG_Z3r3oj-nQJoxOJZpokV5iM1lina3e7YZ_PoUqGjXzY3LphkTk1_ej_dHyZi_yz5j7R41w,53,Blitzcrank,100,UTILITY,UTILITY,False
NA1_5472059466,P7AisMcaJbJ6oivp0brtTpP3UVl-NbC3Kw0erdjr3-wjcW2pCdjlTqq6nFw6-f3NqXnKg0_nb8TVBA,267,Nami,200,UTILITY,UTILITY,True
NA1_5472012838,l5KsTYFZWNc8FbJwEUWynCJ0wvlJwB9xoJ7LBiAI9B6GENeWHt0tpQm_ktfmmuXvCvNGEJSxCqa-lg,99,Lux,100,UTILITY,UTILITY,True
NA1_5472012838,lONGgg1Ba6E0Wm6v-uOQayNHlHIMoTg0AP_d56XOQ3dvBCfVCIuvlP3iqEtmfiJoJ5pU9pjXO-pQ1Q,3,Galio,200,UTILITY,UTILITY,False
NA1_5502969580,nmAsbZXDLZUvKrO8-7AWIMkYLsQg0wBC5ODK92RoTu8FH6Owr__8hCK7Yu9ThQcEOX_oeNhO5HnCRA,555,Pyke,100,UTILITY,UTILITY,True
NA1_5502969580,YhDdUJrYdWXHlwS4uLLIwlxXG1EpH2UNMQJVYF2Dn3vvOrT66wDe2az7W5N8M167Up27kOHxhCDT3g,800,Mel,200,UTILITY,BOTTOM,False
NA1_5500818128,DZ6J2uz8rZtWwCok7DFMnnk6z27RSxtAdSI6iRHmIVR-E12RqdkNjPUh_KYPcm2R4GbC0YiBIQNQ3w,86,Garen,100,UTILITY,UTILITY,False
NA1_5500818128,1OtiftaTb73D2Trx3IBksKTyd4XAuQKFaHI8lxThZH4rveTLxEi9qB8oUkgu8KdbcqRlHUM3IhDe5A,147,Seraphine,200,UTILITY,UTILITY,True
NA1_5500809135,SH_hel8sAJUOU6b_xXKRf0tma_vuYf5_RHJLer1D9klQEB5Ejro3ltJv8Cz67JfJZokw9Csy32lmdQ,53,Blitzcrank,100,UTILITY,UTILITY,False
NA1_5500809135,qewjlHjH0GKK7WmjvpfQeuWBBNnTfmTUGRwC5H90zWQB0SQgNtUqkzc4Vj7LF6a-YAd3nK1dz_WV5A,201,Braum,200,UTILITY,UTILITY,True
NA1_5500592159,S1ijkCNIoR47KKDaVMnAdEC0cKHvUviWUSh0iQImFRrtGZDD8ApjCN-hnPuY2Yjchu9ckLZQBlyMYA,44,Taric,100,UTILITY,UTILITY,False
NA1_5500592159,V10CnnAmu7aBlPcIx0QjOJ5FpQXn8B3xMpWrAJXa2pKOaaTBQWY-FcdThhE_OjdHPuS3iViYbigIkA,89,Leona,200,UTILITY,UTILITY,True
NA1_5499190964,tKELPThTIw_kRu36gHenOUr3hB6AjbuAv3QvyjSaqeri8S3GPIuulqDernpvfT_rVjERHx1a7z0I1g,235,Senna,100,UTILITY,UTILITY,False
NA1_5499190964,BZShBJSNI2zly8Kmyt3U0bGLSoUz1swAt12RgrVOrGLoyP1-MpWKuIG2bTwut5uO5L0Ac_6oQm7yKA,412,Thresh,200,UTILITY,UTILITY,True
NA1_5499049091,jc3jQu83PzzqFuFkthuTRzbAFT0ccqlv4ocMa_XLpf9iGIL_tU6qC2IvlxlYiO_pwkb7hspDeoVXCQ,37,Sona,100,UTILITY,UTILITY,True
NA1_5499049091,U7QTkqfhTtMtE5nG5-yUYs6OoHAEo6w3ZYogh4p6kREGhLfXWgevSXcgtqfIC5S6eIPhtJ27p_couw,29,Twitch,200,UTILITY,JUNGLE,False
NA1_5499045759,c5IDZ3_g-4whIMTgY9AUXKwKujnXxujlk_Ym3Hhn1eIIbpCslusAkN_fsJ3AyQ0KK2mfyhfwYmHf7w,63,Brand,100,UTILITY,UTILITY,False
NA1_5499045759,cMIvzYVawu0rIgXx-jN1e4txE75sMPViLRnETnqPeoYNEoqCujFLlOf1-vI1sBYvy1VyisdesQybvw,875,Sett,200,UTILITY,UTILITY,True
NA1_5497868144,mkU2n8AVNQ-LVzfX9ka4V3W1sk0psApP2KqV6w7gkU87N42BWWpRK_RsWZ9ToMChrMvgud1z2xU24A,147,Seraphine,100,UTILITY,UTILITY,False
NA1_5497868144,5SkRKEGocd8Vqf5i5IxchhxcBsGYKK6hq_6qqKYnPlNV2nkW7c07MIZrf9mOf4CmYM5xbjAvoQWQng,267,Nami,200,UTILITY,UTILITY,True
NA1_5497838113,bZ-9jMOa4Hw9niEFuArgSRVO2a0HYW2XvQu8XpODCkYGQNQ91mxZKQriwFVO-0j95wxoVxUpIaUUOg,16,Soraka,100,UTILITY,UTILITY,True
NA1_5497838113,cHorHBXPvtm2Gxj3vWZTzAZgZT-FDVEsx8aWWjQZ6kcanp6QsxofrQSam7RfQQfh4MEbXXqYepARPg,161,Velkoz,200,UTILITY,UTILITY,False
NA1_5497712730,RH7aA7kSP3DJ93DEfogWv0yykHO7gYsNr8UfDvEYfPw1RvwJDzraH5VCqWeD-IvvWjVh-2nEuIwShA,350,Yuumi,100,UTILITY,UTILITY,False
NA1_5497712730,kKCN6QkjFvhFgUVuKChsDtCB_IhzVmfrEKv30LkzzwzCWzsNZKxQ_79-fuKXEgOPe0u3sUAueRZCPA,143,Zyra,200,UTILITY,UTILITY,True
NA1_5554415905,GBxs9SRHasZ567YeJ6nylYrN2NGBLFBpCZeLcPmgxvDr2x80BGjOyTFp5XAKwqKTlXbELW8YU0p6DA,902,Milio,100,UTILITY,UTILITY,True
NA1_5554415905,VoFtxqD6iL8YuCAzQosD2nwB-xEfbrwXVFEoBxvjsygPTEDr6AOVHJVvQbiHEPRQ5GMIzh90I7Clug,53,Blitzcrank,200,UTILITY,UTILITY,False
NA1_5554387959,CLsC7WEdOi9u2KftUMwJeTiTmCyoGwDJDdzaFsq4BZLKc3GfcwTx4lFUtGOE1IWebwElTwBC9eU5uQ,223,TahmKench,100,UTILITY,UTILITY,False
NA1_5554387959,NFdLx2f8v-tzMIQm6Yl0eEOrkxHHIq4iJc12MLDc_d8_Enni6cw_otOaUY_SZ6BwE_QmdyWyn5VoZw,141,Kayn,200,UTILITY,UTILITY,True
NA1_5502492583,n9f0iyjHUvvHCg0_MvXGOfB-mX58Nyz6iY34OoZWkmswuStxy3mhRmcn_s9WaogZF2AuibhDSdLKqg,35,Shaco,100,UTILITY,UTILITY,True
NA1_5502492583,qvUWcJR9MUqNyJqiBk54x1WzUbPUY1epk4QvTjGGw09hreqJtDdZeC1NCBRyPhyeEqhaosKC4jz9Fg,518,Neeko,200,UTILITY,UTILITY,False
NA1_5502450239,riCYNj6AWeFtedz5dTCw9VRl3bDpUeA3MepafFiHbqobnNcZAG9-tgOu4fc4dbASLvNqZVeKHBuP5w,161,Velkoz,100,UTILITY,UTILITY,False
NA1_5502450239,xoE3OM0iu5_gve_LNBJoR8cUqBhrUH-Cldr_GEZ1QjGNY7MJ8Rrr36uY5AInsjMBHeUKBpFPy6EZrw,875,Sett,200,UTILITY,UTILITY,True
NA1_5502405039,loPi81PcHFxgIKf8pgdbf6mtxvz93fXAtfVMtlQB8ov1qxEXlJCnfTNvsMorWF2Sz57Lz728KrLpKw,44,Taric,100,UTILITY,UTILITY,False
NA1_5502405039,WosHWX2RekeQzcm6SrPhEDr8ZZvywCx_w4J2u4WiJdhRa9NFtzVQzeiPAAlyoYMiZLi-ddTyuX7LLA,25,Morgana,200,UTILITY,UTILITY,True
NA1_5491487948,DOft76aR81v6Zdi8x29nB-RGXklAL-AGh6HKCYNp6bV7btA4rH-TcGa1FKoVj1wHQiDgVJoUX767SA,147,Seraphine,100,UTILITY,UTILITY,False
NA1_5491487948,bEwvAMmIOcnMy9X3SNpnymF0S6srYCoJ28Ns28vFxGiTjl1BfjQ08e2JFAAREFqeWHxbLRN97-x92Q,161,Velkoz,200,UTILITY,UTILITY,True
NA1_5491436569,bSV9QMJYAxMOAAauW7jh_An65VwAAI1NgYyxcDoisasQxZVw9QXXSfzPRHJ-2wJcmQlBLcm6FZVuQQ,800,Mel,100,UTILITY,UTILITY,True
NA1_5491436569,EMyApag1LymIUjY63WPZHqPLm0YxOdEN6ewehLr6dhtRXMwUKt-q9Nvu41GN7707wlyhe8RG-SHnEg,412,Thresh,200,UTILITY,UTILITY,False
NA1_5491386576,-CEKMAvoy2RMmemhDEg0vkfTqP7RcDakHm5FC9n7zB5-JVkUWnMiTz9-wg8pfDp2UfpbQQsRr8zcPA,147,Seraphine,100,UTILITY,UTILITY,True
NA1_5491386576,3aw4dIoA_HxM8wRCGTIrfzG5M-AmDg-l6lmkIZuX484Ps68kbncfMmqNzOyJnq3KOMH1xDG6Oq8rPQ,223,TahmKench,200,UTILITY,UTILITY,False
NA1_5468389914,WfvybNe1A_Zn17UCdKwdvZHO7mEsiCLIgjoEwgRWXNAa54B69FA0x9k9wp4i74ArvhC-9N8kDO-p7w,22,Ashe,100,UTILITY,UTILITY,True
NA1_5468389914,wv9k9jg3yIsLDXliMlC2jbYZSQnvuQni7KpeTwt0ZE6SODyxdgsnh5edSfeoZ5dz7EFZO7ekWX6yvw,201,Braum,200,UTILITY,UTILITY,False
NA1_5460633212,Cmr7L_1I0NoRtTcPPFeDK1E30xwD33uQosFCllRm9SXnnteLvlqdp831J8ecAC09oRxquH34gGc4qw,7,Leblanc,100,UTILITY,UTILITY,False
NA1_5460633212,T74XXg1GFjXmH4pFnTLRkv3TzoZjvcpo-mpqOgiqIMMDGYU6nGvYWpi00O7_b0H7zb1bxwp_l-VeEw,223,TahmKench,200,UTILITY,UTILITY,True
NA1_5523856390,cAoyXLAs0AQyRkH7pWW0Xu_IYeEgId4JXEFgMfRsSgVnOtTAVDGx8L49_3hdVMyeaQJSoC6s9h9Jqw,89,Leona,100,UTILITY,UTILITY,False
NA1_5523856390,w3PgzkkKwEtDqUVhbGcPNXbBsCPqZ2zogwd55S3KCmPQxk5BXZzYzvv-7_Mcqnrxj_2IQI2Z9YEEgw,99,Lux,200,UTILITY,UTILITY,True
NA1_5523341833,YPVrKn95nVgLNwnSNh-upBvmi3FWnTy-hu3t9LeszazlPTx5W8WdK1ozuTYc_UMdat_qWg1UxnbL0w,1,Annie,100,UTILITY,UTILITY,True
NA1_5523341833,vBS9bKT2lf9G4YrRwbdulDGKczwLAV18jZpiMgYteb9H1xXONAVVQrME_WRnG4iHrnVlVZq-yCkkwQ,147,Seraphine,200,UTILITY,UTILITY,False
NA1_5523326590,bz0VG_RkCQyfTiqZnV9BPfCi1FxZAEjGrUYERo8gT_v58IOO5Pak7AQdfioNRPXAK02mQAXqDDRfGA,89,Leona,100,UTILITY,BOTTOM,True
NA1_5523326590,Pa-OYke6k_uKrwwQgc6vixVOZ0dbHuCuCaOvRDSrf44_vjE5EJagBPGuIqCn65wtyRZbn8ZbWTg4Fg,92,Riven,200,UTILITY,UTILITY,False
NA1_5518297579,vnt9Nqg2d5cLNWEOLb3bQ2OzNPngTMVYM64YNqQbkFH1CL-bbIWNnDkf-3qGE4FAEyN3cFcHEhzr8A,143,Zyra,100,UTILITY,UTILITY,True
NA1_5518297579,oWhJNCjfCU-WUPdCoTVmUPuYtRqHjEEsFwCto_kVBf5mrpM84H5jzXBw84JJdZkSF31URWUnTLwn0w,89,Leona,200,UTILITY,UTILITY,False
NA1_5462397774,lZ3Mwh_zPr942pvseZtpHHnuCcFuDsdzbJrVW1MSxd0V4_MXTZqA75eZMdREsytlXiGtZH4Aq5m8kQ,57,Maokai,100,UTILITY,UTILITY,False
NA1_5462397774,qpjmebIQ1JTKQXCzezPyBbotFOEalGtfXbyNjTTH2VlKeYu59YvnbmB26f301FOk5pXq423HASVeRA,143,Zyra,200,UTILITY,UTILITY,True
NA1_5462371275,wsH95bij22mHxCT1PCaziIEGaKdslDfsC7D_AL3a6Vmh_GYc2-mK_XiNyjzT_VneWNxa95ewYlEV5A,63,Brand,100,UTILITY,UTILITY,True
NA1_5462371275,DVae1ZFf02GNq4CNIWljVS4i-VBXqbKy1BOIawGbIe7ox1gnFPZoAj7Zt5TWglggoRNENFbQxrQFnw,25,Morgana,200,UTILITY,UTILITY,False
NA1_5462180440,M7t7mf2W7LENi1_MsQjK5wlMAjA2gyxp_HzncWOdyps2_hOMOmZ2zZKg9_taSE8RwBDgcnHdgq1N8Q,526,Rell,100,UTILITY,UTILITY,True
NA1_5462180440,q-mIP0xpEIWE6_1OFS1tDq_vb1DBRqAUbJ-a8iCIZiKs1JgToJhqiVXFXKuRc_HViCXbLzCD1dopTw,412,Thresh,200,UTILITY,UTILITY,False
NA1_5462113667,BQZ_tDLuLMt6Q3pB31LBSGgwvRYg8uj-TBAVfWwRjgnDARFl-mqdxUju-bi1DnBOkVnRM0fR0wV5ZA,37,Sona,100,UTILITY,UTILITY,False
NA1_5462113667,6_jSdsEcFWRiNFurkdtCQQBXwD7edDZ5eNatdm_NZzsWGXbEolUl3OWMYWOhuR7LZU-KdvTQbAr6hg,25,Morgana,200,UTILITY,UTILITY,True
NA1_5462088064,luV9P8Z5_tp8Jg83OKlwf466heH1ufvkyLs0N33J5sY19eZvKV38ipnHgcZkIL4y4iRNmNbMwgXp3g,350,Yuumi,100,UTILITY,UTILITY,True
NA1_5462088064,3_swtXgKrW9_17ZXYq3admgx-XfqgvJakr2ffqhWpdTAA1EVbSu7iWHakeJ8_yHw_PN7-r03wItRMA,29,Twitch,200,UTILITY,UTILITY,False
NA1_5462063012,B7dKkjAp-0DIGEHxyvsOiKuV3Bw8ZqLav2Zx8ilzM0lFNvmGftjTN9Q28x1_i2LeXUjhcT2N-JOPuw,235,Senna,100,UTILITY,UTILITY,True
NA1_5462063012,5XUZT5KkaX-C6bhKwRLrGBN6YJXj3UJthBOmdXCcTj72876hIv7GXsMxfpYvvRUT2tU0oS1BM2DCNw,89,Leona,200,UTILITY,UTILITY,False
NA1_5482819783,CRzNfWY2JPvgvMZ5221OHN92RF6i5cK3OZGpUsD0W_yxC3w8VAxqjfZG1szaNkuiTtoyAlfn0awSGA,526,Rell,100,UTILITY,UTILITY,True
NA1_5482819783,V2Bhy6LRNdzQnzzxdl2IhDlG838cRDrqJb3suLTZ_iKVETwA0P-JRwxQfFncAbfLDKMccRpB7fPEww,89,Leona,200,UTILITY,UTILITY,False
NA1_5482791505,V2Bhy6LRNdzQnzzxdl2IhDlG838cRDrqJb3suLTZ_iKVETwA0P-JRwxQfFncAbfLDKMccRpB7fPEww,63,Brand,100,UTILITY,UTILITY,False
NA1_5482791505,1gvmh7APrYrX9WoxvdI3-G7woiTTm90A9pjR2gkfoIZdczVQtcRZB5JZST1aTIcBZ3m3rxBEgc29eQ,111,Nautilus,200,UTILITY,UTILITY,True
NA1_5480043666,iywpyqTmbg-iztXJCsLOum4nAE4FKKqxe4i8Ox0gs4H2qGe0BUf0NAeHLUjQRUlClsGD4GotnPehsA,223,TahmKench,100,UTILITY,UTILITY,True
NA1_5480043666,V2Bhy6LRNdzQnzzxdl2IhDlG838cRDrqJb3suLTZ_iKVETwA0P-JRwxQfFncAbfLDKMccRpB7fPEww,800,Mel,200,UTILITY,UTILITY,False
NA1_5479971064,u5CNuDRUYrEyBO5X0wkT11NhkD0Y1bdt_N_x-WsIVkoYMIAvboDVZvTChdxy8BJG24RRxmDjiIlOoA,902,Milio,100,UTILITY,UTILITY,True
NA1_5479971064,V2Bhy6LRNdzQnzzxdl2IhDlG838cRDrqJb3suLTZ_iKVETwA0P-JRwxQfFncAbfLDKMccRpB7fPEww,555,Pyke,200,UTILITY,UTILITY,False
NA1_5479965622,KwatcASe0xsQnVADgtAcD8cRyA5n_sD_NWCsQzmMI6RSDEw_vOPnJ_VIklFxbUPKVGu4WuiaIKAlSw,25,Morgana,100,UTILITY,UTILITY,False
NA1_5479965622,V2Bhy6LRNdzQnzzxdl2IhDlG838cRDrqJb3suLTZ_iKVETwA0P-JRwxQfFncAbfLDKMccRpB7fPEww,555,Pyke,200,UTILITY,UTILITY,True
NA1_5478338352,vQxwRaaCUm3eeLoS4TJnHXPE9_0Zc1xfqVshTzvV0LoJ3HseIOI1DTfPz_BQpeXmWGf7NYiQuRy_bw,143,Zyra,100,UTILITY,UTILITY,False
NA1_5478338352,fifIS4Cbj7IPV-p2cDPXOiyzQv2spXL3xoc7s5cAj6seqWHvHgWekahl16NLJvcUaq9Lx1bv4AnXYA,223,TahmKench,200,UTILITY,UTILITY,True
NA1_5476587376,V7f9AhNtgsFvbZ-ndpPUBA1U9W_G1NZmXUCa9_jxavps1xRvofPOZG96icVRATe8rj9wtUoFiMKw-g,161,Velkoz,100,UTILITY,UTILITY,False
NA1_5476587376,6K7Vjd4-4VPX9XpGGVPTxLQtCjZ1a7fzxnu2Tif-S9kXLviYh3zZUTHfbbMLK8i4WC9W6CQM4EF_3g,412,Thresh,200,UTILITY,UTILITY,True
NA1_5475615149,E9wFcc5FjCsWHJ-UyzrMh4ioZEugQaPz56hQSd2z2a4NfJ6okZeYcNwINt1-JNL94-T9CddMLyPxXA,412,Thresh,100,UTILITY,UTILITY,True
NA1_5475615149,V2Bhy6LRNdzQnzzxdl2IhDlG838cRDrqJb3suLTZ_iKVETwA0P-JRwxQfFncAbfLDKMccRpB7fPEww,555,Pyke,200,UTILITY,UTILITY,False
NA1_5475610066,V2Bhy6LRNdzQnzzxdl2IhDlG838cRDrqJb3suLTZ_iKVETwA0P-JRwxQfFncAbfLDKMccRpB7fPEww,555,Pyke,100,UTILITY,UTILITY,True
NA1_5475610066,uhPtH6n-SGTB8Z5jnq2IewYe3rgGX7L4_kNKuRdO3pH4d-CayuQrRdCeQN2lEkgH9j5nntPjBX2d-g,800,Mel,200,UTILITY,UTILITY,False
NA1_5474614308,bHFj9-5Fvw5S6ZiCxPkkuna-NGNIyTDsxg7YcGtKiGVC52mZflAericoCm8iOgypARJ_8QTOyBCWYg,16,Soraka,100,UTILITY,UTILITY,False
NA1_5474614308,V2Bhy6LRNdzQnzzxdl2IhDlG838cRDrqJb3suLTZ_iKVETwA0P-JRwxQfFncAbfLDKMccRpB7fPEww,555,Pyke,200,UTILITY,UTILITY,True
NA1_5481809666,XwjBUiD7WU7QqJ1umlEmbcuDPyOeS1rgjVRfrDZTZqc4rCaGbhTT1VCVHv77S38rDTWZdYYpHjU3NQ,99,Lux,100,UTILITY,UTILITY,True
NA1_5481809666,MD36cFcSOlZSf6x54x5gXFaDyEiYH1sN5hR5oygA1svYLACh30Tk8GW6K8u9_Bxt8MXyLh1kbxiP6A,267,Nami,200,UTILITY,UTILITY,False
NA1_5481787499,dib1EAjDFxBjUC-rTloIXVriLVj4NMpQDPIrGgF4UoNSEEKvM1KPMCPqWnt_A_jA0irFaxpj1qZTvQ,350,Yuumi,100,UTILITY,UTILITY,False
NA1_5481787499,Z85fIEbvVn4yBKnNRMkcbUS707j7pbON1ffQ4ueqyEPo37ccOfvo7CZgyIY0GTGtgcCQIkYxt9N8iw,147,Seraphine,200,UTILITY,UTILITY,True
NA1_5481772530,D67F48hesdDH8-6H4ljhz7ofE75D_AzSHagGIqgO7sTo5QjfUXFweKOkKcEy9ms4EGJ30YWa3klJuA,223,TahmKench,100,UTILITY,UTILITY,True
NA1_5481772530,an_stdMz5TATnNb2HaASSUfVLaVfklAUGKUQcUuIM71pxe2AhxxoTp5Z2w2kIjywTJsSoT8jmV973A,111,Nautilus,200,UTILITY,UTILITY,False
NA1_5481767833,xvee0nUZigonHPxUoMLLM78dwNO7Lxk90oV37RTsnE8rY7OgEJmeVAk1-1q9Wor8ZPod_hf6I7vj5A,99,Lux,100,UTILITY,BOTTOM,True
NA1_5481767833,zIcysDIaBgeAEu2hO4WRpYFUKWbmixihEAIL-QTghO3QJVay__lGRnHWLnoSo7XFO2KGnGyjRy7uwQ,235,Senna,200,UTILITY,UTILITY,False
NA1_5480829379,I1weP-oIgEUiYKm89JhyihriYKYduifSse_n_nzyEe38rUkd-gXiJNVKlSGtDGnaQljksQ7JdyhX9A,25,Morgana,100,UTILITY,UTILITY,False
NA1_5480829379,J6RuFYHJfuEsgyx2tcVLHMBXiHL8OmuUiLkFpjAYWXFA-R4MatlvY6WWjxYrqlwyePzCpm4EJBBs_A,89,Leona,200,UTILITY,UTILITY,True
NA1_5479160799,wLMn0RTw0jsYW3GuuOnSWIH0MWXIEL66y3SMX8A9RS1dypgVxy9NY_xZQfY4kYn059FBGGZNmU0WGQ,117,Lulu,100,UTILITY,UTILITY,False
NA1_5479160799,yRdUtIg3XqiY_wvwAnQuzMCgcEPrKvx-HNZDXc584-bmN9AXaKRS9KsIGGn4pX9jbF5_cUZNfr9Z8w,143,Zyra,200,UTILITY,UTILITY,True
NA1_5479065333,RHZGFVbmF7CnDYM6766PBbXnOLulCYodXyvShBBYKY4jR67d-UW6UrimBmW0NDU4KWuRISYYwy9bKA,143,Zyra,100,UTILITY,UTILITY,True
NA1_5479065333,XsaL2ktGioaBElO7d2iOJl0QwdGRjKYQ9vSsxRaLHtU92UH6OUdWT8fSz9h8lq1rwNCHSFzaWUTfJQ,136,AurelionSol,200,UTILITY,UTILITY,False
NA1_5479057707,AmDMDRmdbCTtdW7GS-SVHv5rhQyLpNNSas22aMXqQR6gcdfDvB2Z067iBhZEk1x1RkE_yRljguxL-A,57,Maokai,100,UTILITY,UTILITY,False
NA1_5479057707,DGIwuRIuPEdwEcmyIaSK-_ji_8_eO-H09gfUnFiLFmwYx_bTUKmu1lyUwjQgFE0bELwiqlELdYOUpA,37,Sona,200,UTILITY,UTILITY,True
NA1_5478185654,Bsae5TC1S_C74Ha4nKhtTPRgEmQCl7NvwXzj-peIN_SAl1UUaO1sdsoSiBTEw73azc0FTajHUPLPdw,37,Sona,100,UTILITY,UTILITY,True
NA1_5478185654,eN1iTsVpsbrTF0zbv4TbcnCp7ClQlRsmpLMXQG6Vv97KJ7XlB8N6DxL0ZGNbAkATnWxD-o74gK1YEg,111,Nautilus,200,UTILITY,UTILITY,False
NA1_5478181338,L26AwkillNQ2R51Pkfnz1o1sSVccameAs9TE8DHrChVTr2-AvKCq236zmzk8ndKvIUhPijBOhCRwaw,201,Braum,100,UTILITY,UTILITY,False
NA1_5478181338,ljLg8bmrdsnjCzsiCip4fQTZTlBug-3NgN0w1GEJnQpFTYhSiqxYjTwEjmwyBbHJRFZ2wTv-8hBtlw,412,Thresh,200,UTILITY,UTILITY,True
NA1_5472625002,BLZ8tPxwIbkLWmgepFnuQAwbCKPmKhoH8r-KfaSh6kVQJj2Zs8lKXromuT0qJ0r1M1vGFkDf8m-kxA,412,Thresh,100,UTILITY,UTILITY,True
NA1_5472625002,ne8nYJ-PKcIhrGkXb46v1Pi-cHym9wGRm_FgMa-EbUM2_yPY-jyXiFwb12yJTx0jKYsOj7ygg6vo8w,147,Seraphine,200,UTILITY,UTILITY,False
NA1_5472608020,ne8nYJ-PKcIhrGkXb46v1Pi-cHym9wGRm_FgMa-EbUM2_yPY-jyXiFwb12yJTx0jKYsOj7ygg6vo8w,800,Mel,100,UTILITY,UTILITY,False
NA1_5472608020,1ldJZP7uSUcOa7yup1W2gygi3BhiQsH5rn1ph-UoCiU1ksemrRZk9JtJHhoHoM17y7eATdZaqtHf0g,89,Leona,200,UTILITY,UTILITY,True
NA1_5469793268,ne8nYJ-PKcIhrGkXb46v1Pi-cHym9wGRm_FgMa-EbUM2_yPY-jyXiFwb12yJTx0jKYsOj7ygg6vo8w,99,Lux,100,UTILITY,UTILITY,False
NA1_5469793268,w-sbflQ1bpDk16t81Ic_GsJp6H6dnsq1-H95A2AWo9hPb8WtsA1COwmxbqtW71WHPyGNfO8D_4w4jA,117,Lulu,200,UTILITY,UTILITY,True
NA1_5465301269,D-yXYIqb5C7K79AAnW4b8rC9Ot9gTbeQ3B4kp1c1oICSfIxcOfAHR9bVi2J3GtQxM4sevnBHc1kvcw,25,Morgana,100,UTILITY,UTILITY,True
NA1_5465301269,ne8nYJ-PKcIhrGkXb46v1Pi-cHym9wGRm_FgMa-EbUM2_yPY-jyXiFwb12yJTx0jKYsOj7ygg6vo8w,111,Nautilus,200,UTILITY,UTILITY,False
NA1_5465262185,dnjeWB11wj84hzPxhKe-Shlo3t_ffO4M2ofYKAuDhqwEUuck2H_8GfQfCA4fEWB2QBEe-cYweyC8BA,143,Zyra,100,UTILITY,UTILITY,False
NA1_5465262185,ne8nYJ-PKcIhrGkXb46v1Pi-cHym9wGRm_FgMa-EbUM2_yPY-jyXiFwb12yJTx0jKYsOj7ygg6vo8w,31,Chogath,200,UTILITY,UTILITY,True
NA1_5459806914,MD5t8phj28DAG6sNBiGBxAC7hxLl4-zkALv4psXgJ0OqcaTUeJUjlN7QjB-wCmT0HI9iMArAd6Z8VA,267,Nami,100,UTILITY,UTILITY,False
NA1_5459806914,ne8nYJ-PKcIhrGkXb46v1Pi-cHym9wGRm_FgMa-EbUM2_yPY-jyXiFwb12yJTx0jKYsOj7ygg6vo8w,43,Karma,200,UTILITY,UTILITY,True
NA1_5459783762,ne8nYJ-PKcIhrGkXb46v1Pi-cHym9wGRm_FgMa-EbUM2_yPY-jyXiFwb12yJTx0jKYsOj7ygg6vo8w,147,Seraphine,100,UTILITY,UTILITY,True
NA1_5459783762,ah2IzkAxjUP9riviO9A0u9Elb4Qv_GwOBi14rj9BNWyxlCyjrBFqVBCx98QqK5_sP54R39iTu3b85g,902,Milio,200,UTILITY,UTILITY,False
NA1_5459739628,kxJ-yrnNSPLX8ODCNB9N3x2D3pUQZBX_C5MtAnOShVteZYGHXGm_cOiltfJmD-farpVtB6oLTpF9Yg,111,Nautilus,100,UTILITY,UTILITY,True
NA1_5459739628,ne8nYJ-PKcIhrGkXb46v1Pi-cHym9wGRm_FgMa-EbUM2_yPY-jyXiFwb12yJTx0jKYsOj7ygg6vo8w,99,Lux,200,UTILITY,UTILITY,False
NA1_5459639128,1bd5f2t9w8OYxhkFlgzBMLD8iFYixemBAx0HG0OTVivJes4KkeNrylGRrslPcqhB2L6GdOUwR_vBJw,267,Nami,100,UTILITY,UTILITY,True
NA1_5459639128,ne8nYJ-PKcIhrGkXb46v1Pi-cHym9wGRm_FgMa-EbUM2_yPY-jyXiFwb12yJTx0jKYsOj7ygg6vo8w,800,Mel,200,UTILITY,UTILITY,False
NA1_5459616433,1DnRc9gq5mriEf1kd9_5oSFhZTrJ0VUi63svoTJR45ew8W1TLS4kZCURAAl-dkPDpyFw-IuREC7XQg,16,Soraka,100,UTILITY,UTILITY,True
NA1_5459616433,ne8nYJ-PKcIhrGkXb46v1Pi-cHym9wGRm_FgMa-EbUM2_yPY-jyXiFwb12yJTx0jKYsOj7ygg6vo8w,800,Mel,200,UTILITY,UTILITY,False
NA1_5539282911,BgX8ihOwzBZyZe7T1cdGKyGJc4jEgyogqXizdWIshsmkhfRCMH2QRub5qlD8BZyIUqv53bBJcM28Jw,53,Blitzcrank,100,UTILITY,UTILITY,True
NA1_5539282911,9hOSTq2OB39z3rYilVrYuHj-OczoKPUnWj2-rI9iRfcA0b6SNf0rD9mqEwy-DcpTOAFOKp-3LYEEEA,37,Sona,200,UTILITY,UTILITY,False
NA1_5539257597,ouRTXnAoztdjPaN9LvAZ-rOX37mPg0uM2hFMnq7FFFre0IAlol7UG0g7azbshVuEMho2kqKg_-isuQ,25,Morgana,100,UTILITY,UTILITY,False
NA1_5539257597,Rr4lVOh86IK7TN5ocAyH9aVtDZB5i0NhetXUuoQrUNLSEUwa44Ci3LdAme3IkbB0hzOlWw7VoOkVmA,45,Veigar,200,UTILITY,UTILITY,True
NA1_5536748375,bIz6FbCmaQZrj0ZEfOC9OMgH1qUblkFh-i3dl6eSBLSYQEX9eA1qmR3KHI840VlcGsuPXnol5GFNMQ,267,Nami,100,UTILITY,UTILITY,False
NA1_5536748375,1WMm7MnMjtDAcdvGafHtwK7bK_cSYct9ixSV1Y-TRe8gHA08F87Cbn215GXd5LhgQW0NfLWm5Np2TQ,412,Thresh,200,UTILITY,UTILITY,True
NA1_5536736770,Vo475YwGPM-ZJ_m1VHAWU94zenNQVx_rNDt_Tw-WmvKqEQMXItID5_9z17KZIWAbdkiC7cJGczHzRg,236,Lucian,100,UTILITY,UTILITY,False
NA1_5536736770,bIz6FbCmaQZrj0ZEfOC9OMgH1qUblkFh-i3dl6eSBLSYQEX9eA1qmR3KHI840VlcGsuPXnol5GFNMQ,518,Neeko,200,UTILITY,UTILITY,True
NA1_5536702905,bIz6FbCmaQZrj0ZEfOC9OMgH1qUblkFh-i3dl6eSBLSYQEX9eA1qmR3KHI840VlcGsuPXnol5GFNMQ,526,Rell,100,UTILITY,UTILITY,True
NA1_5536702905,-gJdhp2T717YQlBxbWydFICAlrGx4Kc42LOJUth4JEFHHwDXLNRnMIic_GUe-r0iZZlC0vSiCJjneA,57,Maokai,200,UTILITY,UTILITY,False
NA1_5535162917,bIz6FbCmaQZrj0ZEfOC9OMgH1qUblkFh-i3dl6eSBLSYQEX9eA1qmR3KHI840VlcGsuPXnol5GFNMQ,80,Pantheon,100,UTILITY,UTILITY,False
NA1_5535162917,cp0X7WvmjEdrEdbbDouNN00JW-Ipw0xnI6WNfIQ-QaUKitKNJWeg8wJBN1C5ADBDntdXrs450cxAAg,89,Leona,200,UTILITY,UTILITY,True
NA1_5534086577,bIz6FbCmaQZrj0ZEfOC9OMgH1qUblkFh-i3dl6eSBLSYQEX9eA1qmR3KHI840VlcGsuPXnol5GFNMQ,267,Nami,100,UTILITY,UTILITY,False
NA1_5534086577,Fvf0U8dI0q00grUa_2b1knSuyX3sRZpxZD5irp2i_WNryzt4x2vyWsJmPh6OFJuolipxm6GPPo6XkA,26,Zilean,200,UTILITY,UTILITY,True
NA1_5534047551,m8zfk-1H66PfdoYp_b6u0eFmvtDSqL5DoskL4PIK9CFLgnErmSDgseNCS6WvAVrt_8ISX3vd07rFjQ,78,Poppy,100,UTILITY,UTILITY,False
NA1_5534047551,bIz6FbCmaQZrj0ZEfOC9OMgH1qUblkFh-i3dl6eSBLSYQEX9eA1qmR3KHI840VlcGsuPXnol5GFNMQ,526,Rell,200,UTILITY,UTILITY,True
NA1_5532663263,ieBaMSxwYDCubeeoW3kDCeyQVccRs_A3jlQG9wvNjIzbqM-iZbvNEq_uIeDTFy89SipLDM3NAWgDOA,350,Yuumi,100,UTILITY,UTILITY,False
NA1_5532663263,bIz6FbCmaQZrj0ZEfOC9OMgH1qUblkFh-i3dl6eSBLSYQEX9eA1qmR3KHI840VlcGsuPXnol5GFNMQ,89,Leona,200,UTILITY,UTILITY,True
NA1_5532620161,TfQzO1zOkSGOH9l6XMGhCZ-Xq611gfF9zpfJNf-6bbqUThUMVhennuxxDBUdZ-caj2kw2ZRqekQgcQ,37,Sona,100,UTILITY,UTILITY,False
NA1_5532620161,bIz6FbCmaQZrj0ZEfOC9OMgH1qUblkFh-i3dl6eSBLSYQEX9eA1qmR3KHI840VlcGsuPXnol5GFNMQ,518,Neeko,200,UTILITY,UTILITY,True
NA1_5472121252,3kFOFOtPLFVPI6O0D2kErGX5HfJSrKBHulfpPNZZiqvHH5Ym8eeHxNfEizYWkyhw3Bia908r0ivtWQ,25,Morgana,100,UTILITY,UTILITY,False
NA1_5472121252,SaMtTPUtCeuR0dVootqkQc8hAJjT-ODEotgHCwj3Aq2_O9l4Y_pjQx8PJUx_vC02tRXVxNnqsGgWBA,432,Bard,200,UTILITY,UTILITY,True
NA1_5471281602,bVClRsqlj6RrdfK6_z82mGh8rI562S-pu8zFeIDNIYf4biIciHZx7tfWvvLm7sCemqjK1jjMIEjKVg,43,Karma,100,UTILITY,UTILITY,True
NA1_5471281602,szuiTAFHXZCZnQuqRXr4oVvDyzdS1QW1RiZ3LfnAPVpYN0hAfvc6t-YBshObMD-5AjoNb9fE_C7-Dg,147,Seraphine,200,UTILITY,UTILITY,False
NA1_5471257396,neeFhTsBVX6ZRjhMsChByj-RjNZhPODHdpfdsgiAINlXpxwFBXrSpUR0J1AeUt9sfebMJLhNGYHOTA,32,Amumu,100,UTILITY,UTILITY,True
NA1_5471257396,OFIveWcPbfCKOjDG8QP5sZdOXfnwbHHbCm5VGqGqZ3qP3kONqN0AA15qNJ82ixJdBwYJqXmOollHzg,89,Leona,200,UTILITY,UTILITY,False
NA1_5471240109,Kbm5DaSG-CjESCMmsb4DCI5zm4gwbN6vUAwv3g6zutkwhuWHBrzBxA0Xgw1--p5TFGu_E7smKgWE7g,111,Nautilus,100,UTILITY,UTILITY,False
NA1_5471240109,jLtVzrvCSYI7llUpba8CO3J3MQ1bguVLukTAGG5CRAgTQJ0jdGVciR-9mCXeHD8GEDZjhJnEt-_nJg,50,Swain,200,UTILITY,UTILITY,True
NA1_5471028084,ulrH7ec9Yys8UF71EgPAKpJOp4-Oj1EVi1uyKmKrCf0szw-hD4NdZhV1d2pkWzW-0wDzyuEsqyhj0A,147,Seraphine,100,UTILITY,UTILITY,False
NA1_5471028084,554qoYkHR4hITO8ggx0rsfaPhBOmqYXcWFJL8hGdZ3bv1yddDQHhtqEogW1J-ikyRB40nlf0EzGEgg,99,Lux,200,UTILITY,UTILITY,True
NA1_5470975240,ZQt2ZzFP25aJEHzASTPytGv5wytS5ljlgP4w70acCSXRuREtntdFjHEToRaHVTtDrAgSi0_w8mntMA,147,Seraphine,100,UTILITY,UTILITY,True
NA1_5470975240,LuY9Bca44pcWGX7klu3Deg3QPlIqDkA-UveLps5QMDpr362E1AP7qSRPe5ZvJ572qfkObCTSGRChqw,235,Senna,200,UTILITY,UTILITY,False
NA1_5470927724,FMgOR77QMwIUv3R7__QEXYFk9q0eqdpVSqdxXqjm6dE95E8LC49fV111fw0BWWgMOQjqu6YFbTxImw,50,Swain,100,UTILITY,UTILITY,False
NA1_5470927724,BaDilyQt4xtQu_QMCxVgy0ZAsvKPx-0zjMX-Ml3jUgSUnxN3S__PAlDDsjMSxcG4jZDiAdHYnE8DsQ,48,Trundle,200,UTILITY,UTILITY,True
NA1_5470767984,gQjBzOCbQaM7nGX2F6RY7ROSmtzddkbNJlJCSG0h3htDviKgFn26pjVLx_cLrOmOpmY-dEkn8HLhIw,22,Ashe,100,UTILITY,UTILITY,False
NA1_5470767984,pXO91bL6gDt21C2_ckGCQnoeuMLMuR3pf3gEXCTNtUYcVCgD9am0GPraWcK0Rfjsf7BYjRap6SBZMQ,25,Morgana,200,UTILITY,UTILITY,True
NA1_5470763032,TdgaKv8x-rTEIngQWy5GOJa35w1JtIyzsP3EGYmKRFsNSJNwLNSMAreMpYIbQSJ2Cy2EdjL68DvEog,267,Nami,100,UTILITY,UTILITY,True
NA1_5470763032,qq4G5I67Ps2uvd75saKxni9ocu-jnUeY8udxDpAdqz_IIlkj3fI1GcrG9YMZoJkGVIL2kJVv3QvCag,25,Morgana,200,UTILITY,UTILITY,False
NA1_5551217383,rfEIfW5xqZlwgP_DCv9ifecEdf7VCYSKfVrEovXgCatUTucdEE1AygAdndGTTmbIVLrbsyCIZFjW0A,154,Zac,100,UTILITY,UTILITY,False
NA1_5551217383,MzSaF9nd5s5juxBr5q0FT9tlvi94YZ6Dp0rruY2ikaqv3ZyeMkYwDeoeYTsD-JvJTIWBhdekVmsc9g,350,Yuumi,200,UTILITY,UTILITY,True
NA1_5551215239,KTg2JV26y_pfZ5Ds56aUz2IsOqbeyZgu1XKZopB6FJOYz2FYGLx6DtgiwZ_lvPBtUYY_1dJoZKQKmA,147,Seraphine,200,UTILITY,UTILITY,True
NA1_5533975138,AjjtE2TPrEmueYmJb-3mny1CZRZtz9_fuZoLMIQTj_4ZcaNMtUVOQLVn_NhO1GOYiI11hPk_-qcoSg,63,Brand,100,UTILITY,UTILITY,False
NA1_5533975138,L5TUlzNxCgigrzROZ6YWRQMOMlFMIt7b3va2PPQKJb7pWw0tCEJPJ17PQ4hI5GiJKaoU6BmdudoKMw,43,Karma,200,UTILITY,UTILITY,True
NA1_5531329193,hKVc9lnp51t46-OeDn2731P_fLXU7gwfQ3P_7sizw25nYhtSocenn7A88JGO_cxHRCzioIu8ewllOw,223,TahmKench,100,UTILITY,UTILITY,False
NA1_5531329193,AjjtE2TPrEmueYmJb-3mny1CZRZtz9_fuZoLMIQTj_4ZcaNMtUVOQLVn_NhO1GOYiI11hPk_-qcoSg,63,Brand,200,UTILITY,UTILITY,True
NA1_5531012895,piMkzkHdKXMwU2Yj068PB9g-i0P2V7q5MOEr84UlFrUii--DsTo4nQ-jf38xiLer20_xS4UOAIdtXg,53,Blitzcrank,100,UTILITY,UTILITY,True
NA1_5531012895,AjjtE2TPrEmueYmJb-3mny1CZRZtz9_fuZoLMIQTj_4ZcaNMtUVOQLVn_NhO1GOYiI11hPk_-qcoSg,63,Brand,200,UTILITY,UTILITY,False
NA1_5530972049,3QSXEZhJyDRke9tvjsg78a0nEb41B4XOSOLpJsE1fDy-D7S2NqlsshDgbop6Osij31hSAyWrlKazew,89,Leona,100,UTILITY,UTILITY,False
NA1_5530972049,AjjtE2TPrEmueYmJb-3mny1CZRZtz9_fuZoLMIQTj_4ZcaNMtUVOQLVn_NhO1GOYiI11hPk_-qcoSg,53,Blitzcrank,200,UTILITY,UTILITY,True
NA1_5530958194,AjjtE2TPrEmueYmJb-3mny1CZRZtz9_fuZoLMIQTj_4ZcaNMtUVOQLVn_NhO1GOYiI11hPk_-qcoSg,99,Lux,100,UTILITY,UTILITY,False
NA1_5530958194,MBlC26CS3zlAHtFKOijooiQJHF6bJCJp7s8ljM64_nnAo-sbYtN1h1e94rtIUaomBWP5LBdQ6GiG3w,1,Annie,200,UTILITY,UTILITY,True
NA1_5530936477,AjjtE2TPrEmueYmJb-3mny1CZRZtz9_fuZoLMIQTj_4ZcaNMtUVOQLVn_NhO1GOYiI11hPk_-qcoSg,902,Milio,100,UTILITY,UTILITY,False
NA1_5530936477,bdRkMo7onFndyC-Ju50K3GJt95PYp7dGAMNOEo-0xi1PcvT0ZLspixCWknXDk4EidH9muYyudVZSPw,40,Janna,200,UTILITY,UTILITY,True
NA1_5530481100,AjjtE2TPrEmueYmJb-3mny1CZRZtz9_fuZoLMIQTj_4ZcaNMtUVOQLVn_NhO1GOYiI11hPk_-qcoSg,63,Brand,100,UTILITY,UTILITY,False
NA1_5530481100,YPGJIaLxj9xxb2RvtibeAjf9WTeZuLznh7-ruexiBWgAm7_WH3O2RHGBZPXEqhEcBRAhC6T8vnjkCA,99,Lux,200,UTILITY,UTILITY,True
NA1_5530453244,qxf8pXmVgMqwmhZMqYtzWvfPVsdAoaW_YsCuio4DyIN0B8z7nEROre4-I0cjmnYgvYyIF34OB6wHHA,53,Blitzcrank,100,UTILITY,UTILITY,False
NA1_5530453244,AjjtE2TPrEmueYmJb-3mny1CZRZtz9_fuZoLMIQTj_4ZcaNMtUVOQLVn_NhO1GOYiI11hPk_-qcoSg,63,Brand,200,UTILITY,UTILITY,True
NA1_5555175164,gVXWC44BxhewCJD8AFs7JJ2hVoXIxS9TwBxwaldvRg2qxSXgdI5PsynWM55vdC9vtp8uP_9fQme0Nw,54,Malphite,100,UTILITY,UTILITY,True
NA1_5555175164,R5Ehb3VmC0zspM5bqCjU_v7T6zi5un4838LTNvTfwUt99IuieoOOm4rfRoSXICuBFNBk1g0bGI2tVQ,111,Nautilus,200,UTILITY,UTILITY,False
NA1_5555170454,DEZ2lHTYJcjMIiDclimYXLv7UMaelpr-QofnXGk-KGgEHCGDwU4h06DOa-1rUdmjzGDmuKEBGFEgNg,25,Morgana,100,UTILITY,UTILITY,False
NA1_5555170454,fKSFjlECkFaioG5Ce3_9FkCRcWfPPC7aOaYjOgWSKa4vSxbP_46tXMPey3my8FR6SGC6G1LRJB2NHw,101,Xerath,200,UTILITY,UTILITY,True
NA1_5555145345,tuCtfWIgSuq-EYMwjhsjlVs9jklm3wk93bwZ6tXz0CB4enf0VjauBH0PvNd6w4OagXXGIsU4VtteEQ,235,Senna,100,UTILITY,UTILITY,False
NA1_5555145345,rPa5CNGpCst4WxVKjjArFOBFHt1L-ie4SC0WwismhSOsw_WquUbAQLOmlE3M8yZdMvtagD7HTmyxwQ,74,Heimerdinger,200,UTILITY,UTILITY,True
NA1_5555099956,qQh-dEFuOEISWX5SuGuFt4KpU3uvXZr1G8axvdGWEbghJsZgPxo2GJltq7AqmkZpZGV4yglD62o3_A,32,Amumu,100,UTILITY,UTILITY,False
NA1_5555099956,dG6m-ntFvAUXfEAqTlUzHrnaVvM_Cnf6YOKuDhIMXdQJuDlfiEm_Nbi2bMno-oJE5W7DMLhODYJwDg,143,Zyra,200,UTILITY,UTILITY,True
NA1_5555071312,RcxUAu6o-LpeRuFwDGqZeKtMx2Ur6mVbFV37jcjomHeNZhivVDxDrYX0xCJ7GHoLGAkIIvmS9gAEEQ,800,Mel,100,UTILITY,UTILITY,True
NA1_5555071312,WMx7pko7xQGUt2T-eDrm59Jn1KCCy3pdsMc1jD6rdm8JOGUmoJQJ5zGXBFIyQaOeXNiUNajfl9z56w,54,Malphite,200,UTILITY,UTILITY,False
NA1_5555037476,Tbr_WMLdghsTxFh6Od7hxeijYVHCwuURcsPQqsd3y8J6ncwKuh78VwqoCeGGPuWysZVnsvRoaPEnEg,26,Zilean,100,UTILITY,UTILITY,False
NA1_5555037476,bfiZKfjyGqH-TTMc2xLubCqORftkQ2E0EH2xo9E1cKk1kXaKt18wd-RFQQiNXTktrGEGsXduJi4s4A,80,Pantheon,200,UTILITY,UTILITY,True
NA1_5554998743,BJAPuVv8r_t9iEHKruFf1sG4U1M0z5RiGgyLRhYrG3nFY-66tYDkC2QEJRihnVNC1R-cqDMIcZRWaw,267,Nami,100,UTILITY,UTILITY,False
NA1_5554998743,53oqYR5gvMc3d5ZRR8Qx-9YKUTqakqIFq4uV6LYFDrMF1zvFfsKyIaIAfwfca2P_pwrUT9wkKvymaQ,497,Rakan,200,UTILITY,UTILITY,True
NA1_5554756977,Y-cYzIt4-wXfZwU8CejDBUwm5dAmuvJ2zRAcav9oqOxKr2vLyezqVHYS6F0brK_UjgPMGlxeLfpOSQ,555,Pyke,100,UTILITY,UTILITY,False
NA1_5554756977,ju0_-lKocK6x_9yjguaixVIRJ8ObDV6845U_MJb4M9ogpbfScy0KlL2_KxsLd1SRD4zIhdk6QCjsjQ,147,Seraphine,200,UTILITY,UTILITY,True
NA1_5554740607,4QJfKq7FU8B-7RRHfJWRe7La6-y_wu8FKsK950hkONRuEAyFY3Kzra20zAVnBF6xBcM6wI9_nNrfKg,350,Yuumi,100,UTILITY,UTILITY,False
NA1_5554740607,2WgoSWSJY8L_7XXbUd6iDr0_onqPtQ0TW41v_LkzmnL8K_NpUoq1L90z7YeB4gTXEX1RJnbYjbBBbg,555,Pyke,200,UTILITY,UTILITY,True
NA1_5554723544,2CG6dIMdDuxjcFJtIKB8P2nLKO0joBAVeAAk3hkrEJaidiFSdWg8IC2kejKuc3-WU45Bvcvf_K8ZBw,143,Zyra,100,UTILITY,UTILITY,False
NA1_5554723544,sfvupaiZyPhz0xqNBx1QQ6aKRr741qeDOSjacwVnNa4-axJiSuOqCY_dGaIGVsRWUFwGpWfaT3NPTw,53,Blitzcrank,200,UTILITY,UTILITY,True
NA1_5554599606,UDeBpOY1GEiIrEcGNH9uDv7i_SuKtWMCRobuYOVo4PFzXzsGrK99omgf6-WYPJLRak9A1VrEgf6U0w,412,Thresh,100,UTILITY,UTILITY,False
NA1_5554599606,1yrhOpOel2oXsEvv7jDp7pnyRNitbHDHZemLXqN-DOroEJ_Gin5HRT3TL5Eu-5BQ-cUBMVKhKw1XuA,526,Rell,200,UTILITY,UTILITY,True
NA1_5554595126,JQekiN9u3StMzwHHxCJqPdpxUEyPtagc3ysD_5WEX_GnxaqCBMq3-1erF1RUahUEVKf5efWXQdomMw,800,Mel,100,UTILITY,UTILITY,True
NA1_5554595126,px0ChXm1ITukOo4V9RgVrZ_0Yc5msTCP2OiauVxdxSJGxnl6KNhuzCwFKVBIb1P3O3mDE7pFcgunZA,99,Lux,200,UTILITY,UTILITY,False
NA1_5554585304,Y-PPe562DpCx21ZQf58xGl-kAuHUhE-TZXZxVIyFBcW9TWDAowtCrccq9yiJKJSjpfCQC-eXPwICdg,235,Senna,100,UTILITY,UTILITY,True
NA1_5554585304,px0ChXm1ITukOo4V9RgVrZ_0Yc5msTCP2OiauVxdxSJGxnl6KNhuzCwFKVBIb1P3O3mDE7pFcgunZA,902,Milio,200,UTILITY,UTILITY,False
NA1_5554584224,iUM0Qe5v0EXAfaF6zdt0fDMFntpt00xZPc9qNlNk0qwTtpkC1cimjeVU0gI5fW0KboV4S92U8iqEGg,350,Yuumi,100,UTILITY,UTILITY,False
NA1_5554584224,px0ChXm1ITukOo4V9RgVrZ_0Yc5msTCP2OiauVxdxSJGxnl6KNhuzCwFKVBIb1P3O3mDE7pFcgunZA,902,Milio,200,UTILITY,UTILITY,True
NA1_5552598754,1yrhOpOel2oXsEvv7jDp7pnyRNitbHDHZemLXqN-DOroEJ_Gin5HRT3TL5Eu-5BQ-cUBMVKhKw1XuA,147,Seraphine,100,UTILITY,UTILITY,True
NA1_5552598754,MsWNyufoROIPBaxRWXuh7JFJpEJ1HFIdKnR41pWMK-yvpLu156h4j04TgKeFJagbiJzjAZL0Sb6gmA,201,Braum,200,UTILITY,UTILITY,False
NA1_5552589444,Ah7c3Wwjh0zKEqw0bff4k9jDxsn1XTgqYOJLB8hx4OqGAoyEQ872MP5rzSiLE3S2xKf04NiYU6SsPA,350,Yuumi,100,UTILITY,UTILITY,False
NA1_5552589444,1yrhOpOel2oXsEvv7jDp7pnyRNitbHDHZemLXqN-DOroEJ_Gin5HRT3TL5Eu-5BQ-cUBMVKhKw1XuA,526,Rell,200,UTILITY,UTILITY,True
NA1_5451981023,tAMd7dZzc1i1BU7ilpW1B89XU6XtvhnoqNlxcR-Oo69gcuEjKsk7dqIVvf_fJvYRPrLcKK2dSLa7ow,53,Blitzcrank,100,UTILITY,UTILITY,True
NA1_5451981023,BSjb33VKpm6W7zWzuuTAA9F9iaeac00BiD01cqyen-Y2KWKvAI_sj94octqQYlxBErJm5E1bYJL4Ng,12,Alistar,200,UTILITY,UTILITY,False
NA1_5451971406,Bx3v9yZFSS_PZu_9WoP6jVna_yH1POEGuT5SnMZITtZsuZFljN6mjL3bXjP0Gu1NG-yYvOAmDA0TbA,99,Lux,100,UTILITY,UTILITY,False
NA1_5451971406,gvV2PXkwXBt4VbQLfe9dI4OtNpPeLIAWB0VNDNoUcnjXVvC7YJyPfyDyd-N6imnSK572sTO1VrNJJg,37,Sona,200,UTILITY,UTILITY,True
NA1_5451968889,kqcy9Yo5bf0aHHEkjsHdIHgkcxIN9vP8CRUr6ulbmd1gzjNwPeeaGWCHBEIHOLVe0O1XpzquqOsJZg,63,Brand,100,UTILITY,UTILITY,True
NA1_5451968889,J4NRhzTPhIAd0EvKS0X6AsLPheqZNtOhJ2MzHdH3xDDxllamLpSm7rOrtPhd3Mvy3dE8cIwGWfa-Xg,111,Nautilus,200,UTILITY,UTILITY,False
NA1_5451961867,ItSCoJY5vgROvbotdDYMFTBwQux_6djD6KKv0Qsg5Q9brSTn4-0g0DbSfddHVjwT07n1coEyU0imZQ,99,Lux,100,UTILITY,UTILITY,True
NA1_5451961867,y4Ljhc4_JSbQGU9UgXnnZbYquB6-OPsZA_sfYcS-wIoOWpzp-ghdiIJbYfp9FGMJex3S8-NGYrEu1g,25,Morgana,200,UTILITY,UTILITY,False
NA1_5551916506,3zC3Pt3-qqw7yDINdTvOsqMKIGWjP1AsDoBvz20SzPxOsDMBBVeai_1AOe1J7G1QcmcNr7kRj1LFzg,555,Pyke,100,UTILITY,UTILITY,True
NA1_5551916506,L5oj8qLrvAwrpLE1EaQ_HfNm3ihGFOOvrWPwMcEE3WUyeCw0xioVxHXyCSOQEd_x3A1KYnw78VSy8g,7,Leblanc,200,UTILITY,UTILITY,False
NA1_5499071200,HjjZYYSBY5uBN9pE_n4reniB85PcpkqvdB8p6omqtxasVA8mUCjz3-_pmT8JB90IfR9DHFQr81Jsow,555,Pyke,100,UTILITY,UTILITY,True
NA1_5499071200,q1I4hHqER_1iCKaQyzydo6D0GWKDZ_xTPKA7m6drmYdNiC4NGKiCuu0JsPuY5nclErKZ4fAUPCB4CQ,26,Zilean,200,UTILITY,UTILITY,False
NA1_5498439023,4Y5UKCZpm2NhQj9eoaYTUghTyafTuEhnbbSseHnVkCHd7fXzX2ID2SycS4s0uDLijO54_TZLXgIwhg,111,Nautilus,100,UTILITY,UTILITY,True
NA1_5498439023,cZo1rSnKKiVh-yQ1lY1Ygfm4lagcPf0ZoXeh8ZSGkWGBN4FwvugBcm7RtmXnePNLmnwzVphKJtwUtQ,57,Maokai,200,UTILITY,UTILITY,False
NA1_5491883085,tWzJ6K4mPxfWdfytZ1Nkd2hv_HlXlWtIYbRaTfvb9VE-czOgnBkUgFtxquEJrAqQhEmOH8MY4TTYCQ,55,Katarina,100,UTILITY,UTILITY,False
NA1_5491883085,2I2XufYENexZ_-AZqvA42dDpj6h3LGmo-0UkWNb8hViq4OxoZiNcBL18NP3TtuuxOtAQZx4GPIv-_g,111,Nautilus,200,UTILITY,UTILITY,True
NA1_5491850863,K_zObRcLDWb6Z6bEaHbu-eJzDRvVFzIhSGlL188tBEbU9oJ_JN83Ib357B8Jd4XFgnUhi-IKY4d8nA,201,Braum,100,UTILITY,UTILITY,True
NA1_5491850863,2PDQRCyOXiQ1V4bts7kjSs0YqMerF0xtz0IUwPAJdRzZdW1uHj6Tb9XxPhq0IJpbx-nBu3Y1sykdgg,111,Nautilus,200,UTILITY,UTILITY,False
NA1_5491776448,4ehOx3pCdT2CAJcKFhYzUjLYpn74jfwz37-CBu5xPRpJfKC2w1lwoP7KBAlZJUcwQnQ8hGGx3SI26g,223,TahmKench,100,UTILITY,UTILITY,True
NA1_5491776448,SQoqGb4O2bS33m7CWNmNoBEKqX02tN1DgmiVxVpSys25CUtr6TCAxZotXmVDL5CVY6R_fkgWOXJ2hA,267,Nami,200,UTILITY,UTILITY,False
NA1_5491748384,Gj6EMZUh89VZ8eeH9wDYBbgjJqOAkE3UPPoQ24FiQQMsX1_UIQ12mk03q94CahNdFEofvcDwl1BWGQ,910,Hwei,100,UTILITY,UTILITY,False
NA1_5491748384,PaxQCHaZ9q9QiupkL9j81Vqea1PQzgImNPN6tE79M1b-bNVrzkeqzzJaKilccxGET56lXmhNA0n-yw,267,Nami,200,UTILITY,UTILITY,True
NA1_5491730611,rI7tSPJqHqDETXoHtHgRJAKLiIqamyECMrZT1lt5Fgz0agS6HSxcoN_crQu44QyMzwjHHkquuOY9hA,142,Zoe,100,UTILITY,UTILITY,True
NA1_5491730611,zuzo26fDt1_ArkhXM-ImwEH-JR5HVyxlkCXxIAUKjO9XEOWfbmndAE_Y6ez2_DzGYdfG8le3BzcoJw,161,Velkoz,200,UTILITY,UTILITY,False
NA1_5491446190,KEgaUr72HZwwbpew2rzyHYpOOc9QKRDMaUabN6e9vEfR2wFUTkuycr_p89QKqTdmwgr-Jc0RQ90tnA,26,Zilean,100,UTILITY,UTILITY,False
NA1_5491446190,6CLR5PpAPjPxvEvsQyR3s03Nx4uoee62ihGFb653v-Td8YHM2afSP2yG-qfL0b606a8de0zdQUPDcA,25,Morgana,200,UTILITY,UTILITY,True
NA1_5491377375,IT0KeKDWe0sXKNEtGaH0m6nIXcVRZoi8jcIM54Sb9rdQbij5vv5_R9WLHe7sH-jzxtkuq7CWL7Ma_A,57,Maokai,100,UTILITY,UTILITY,True
NA1_5491377375,3wpp7TL2dokfiyaM0IV2Z2knrM0NyAZvgqQ3PUwJG_XLr0YG2R5bVcI9hhVv6-1OZ626vcCv5fHw9g,235,Senna,200,UTILITY,UTILITY,False
NA1_5552766794,YIITUQTO5CUwJoYsw5zm1fMfh7fqoRIPKpxuNYGXq4itMsAoeFK4_EMHYwqXjgigUduHoMkNWO8gUQ,50,Swain,100,UTILITY,UTILITY,False
NA1_5552766794,xZqwCCp5vA-x_r8R8F61nmlFMGqAdNUo1yPw6x9N9-wuEk0q4vvUIDr79FlL_F84yPeRgrAUlV4Amg,99,Lux,200,UTILITY,UTILITY,True
NA1_5552274323,Msvh6ESoXCh2Q8Yk7pxOxeZNL5PDyJuMUxVzWhEDYPJK3nfj2Ayr41ygGMvzbaJIJUhyDDv-QWazQg,25,Morgana,100,UTILITY,UTILITY,True
NA1_5552274323,KrzESeuMCcj4nJ9dePOPBj060y6UvwtfnLC8HB_zTfolsmwsXJNHHdOr-yEU9DhZKLGuT8N6Qi2TdQ,113,Sejuani,200,UTILITY,UTILITY,False
NA1_5552250828,C0I1ZSmdWPMlCMDoB2Tt4HW0FO1xzzqb1GD-f-DoDFvtF-CUGTvic9vG0SoQTCuXTQgarotWu62loQ,25,Morgana,100,UTILITY,UTILITY,True
NA1_5552250828,eUmLJ6mJVQdoqLNM-m6HlzZ2mN-aN4JVS8gaPG9yz86oDImQxX4nk4sX97K5RjRT6Awi2JWqxtF_ew,223,TahmKench,200,UTILITY,UTILITY,False
NA1_5552219146,ViRfoWfrEzAy7fsfGOPA5sLqjgxUxA5b52GlFfSAojdFVOprHyElnOHLRaEKUOaLzASJV9i77DRKIQ,37,Sona,100,UTILITY,UTILITY,False
NA1_5552219146,RBHdzVeyhPcgraILg_MGQ9SQqzSwvcDtJ6WCpyxqr8Zz0scwXMH55Oj-0ArpblPwvVyfB3MHzJaklg,25,Morgana,200,UTILITY,UTILITY,True
NA1_5551195772,y2hIgMQkqVNLGlQbfC_5z2T6jeNif6HKHFr9RTlN_bM5IA8JIcHrMAgW2QsXm6mFCTJ6WdbaUdzUvQ,145,Kaisa,100,UTILITY,UTILITY,False
NA1_5551195772,9JsJK8-jeYqsqhR_vJxTiQLfX9yqk5772ii3DDfL0HUXzKcCJyyGI4Zf-ar_6nqVNd3zlJPHxdB52g,25,Morgana,200,UTILITY,UTILITY,True
NA1_5550753698,UVcuGXeY5RPnAg_Eij8QIpUm1DscMxiX4g-MsLTbgHMpEHhmgn9e8DleBLkV4v5lstlp90bUDS4b7Q,17,Teemo,100,UTILITY,UTILITY,True
NA1_5550753698,UQUy7j214UQVYVwufrloOSRsHqm85NaY2oaH4-gHYjuaF3xeAVSYsHqO-iNorxUhd6n-koQIhlEWOw,267,Nami,200,UTILITY,UTILITY,False
NA1_5550742557,UQUy7j214UQVYVwufrloOSRsHqm85NaY2oaH4-gHYjuaF3xeAVSYsHqO-iNorxUhd6n-koQIhlEWOw,267,Nami,100,UTILITY,UTILITY,False
NA1_5550742557,34-liltj-OwTCr9uRAksbKrYkk7NfbDg6mVSVTEGhKSzULkmogGT2e1yb7tm8LD4L0Zkz7FaMQ8AXQ,147,Seraphine,200,UTILITY,UTILITY,True
NA1_5547575022,nJPEILvNHCh4NoSSYpmNy81ul-7HCNmRijOPmbKNxQQdzzq5G_Yqh3iUKOWy6BvrsT301ZxQcNR8uA,147,Seraphine,100,UTILITY,UTILITY,True
NA1_5547575022,VzmBGRjLO-4MQsdVAUtmZAWTYnqrbTazAo5jMTJwGhSTcyfy4E40BNzrR06flHl4synKlnMgvvl1lw,235,Senna,200,UTILITY,UTILITY,False
NA1_5547438790,F77w_FugmbAqXtAfFljHfcupfo5WcgGt42-zcjyZKUdS0lEJmGvkD0AxJvY3sgky6vke-ckIs4HPmA,350,Yuumi,100,UTILITY,UTILITY,True
NA1_5547438790,UPmzF-T41uLLfg5ufHZpOTpbCVBh9ja-um9crjr8Bxc98eaOebuE7FNvABg99g_emfApIGB9oS0XPg,876,Lillia,200,UTILITY,UTILITY,False
NA1_5546764229,OBriJ_p36cane1iVBrtRZlv7Pneuy6pYEuj3wR0YUA32KWc4LanQd86o-3p7v13sjzh_UMywp-M3qQ,555,Pyke,100,UTILITY,UTILITY,True
NA1_5546764229,cwrTZFo0iyGwI9F9QtIFQSfkzZjWDbO_tlHBblzge7dgbhGjTm6yFCSNbMayz_XMplmTKE1_yTX--g,43,Karma,200,UTILITY,UTILITY,False
NA1_5531716744,CRd0WTaGOCs3bhjf-XGyn4Q1H-fYt-3au-Q3tmlqlnR6U0pVE1oEmUAEq6chQMRw8RuZ8CA7xfXzWg,518,Neeko,100,UTILITY,UTILITY,False
NA1_5531716744,MLJQLcvzteFsrl8wPlyaUFfwSH4VJFiMj4vRX3GCFMoLCzwor0uOJXq1FHGqPxyEF8wwZ2G41ucFyw,16,Soraka,200,UTILITY,UTILITY,True
NA1_5531658864,RNAVArvQPTynqiN-EesmABW3hOr5WAc-AIX6paTi6Lj4yuc0NugaAwWxth0EbqXZi5UusRKJcbu7ZA,350,Yuumi,100,UTILITY,UTILITY,True
NA1_5531658864,o6Maxp5q3VU2W0vDLyhWaSkMczPRQHByS-TENFVa58XbUWMTPchkEu9dCV9gR8Da8nefviHuNOpOLQ,48,Trundle,200,UTILITY,UTILITY,False
NA1_5499443306,BwW6EhkRTeJCJ11jOKXuoafDcc_1BiG12M9PJWMX0c7uG1aQTbr4UE3_epdkixgOhUCwboX586Z2XA,25,Morgana,100,UTILITY,UTILITY,True
NA1_5499443306,vjxo6BKGEFH7qDHPbsGqsL8EMq6BK1Wz3tk9aoy_FUeZrXSkDv6CBVmhHOjI0l-_cuvzygzEQZvUVg,800,Mel,200,UTILITY,UTILITY,False
NA1_5497908809,z-d_vJAL9QhcpG6HBuDk2gCv1QsFyzd23XnIZYgSdnnvAFQyGyRRDZ_1d4jnbc-S-1QKXeidUJI-XQ,17,Teemo,100,UTILITY,UTILITY,True
NA1_5497908809,8v5AZNgmlfoRtblaSpemvfKlD8hklG2PgCYk4CCCBKYK8wtBPwbbOT23rOr431AWRmX3kfPA6Oj9uA,63,Brand,200,UTILITY,UTILITY,False
NA1_5497870826,zyb9HGd1O08YX9HX7tS3_rYWI_5nWYc0R70rGUsx4REewJaowr2PaNvliuJ5H1NAELgKG1FrOPfUXA,555,Pyke,100,UTILITY,UTILITY,True
NA1_5497870826,Hlfi8pEm2wl8mPIoRLzOWhfCER_Tk-FdNbZHjkCQ93AUzFyvKlB0P8UbS3swwq9eYKjgPzcVW2HZww,235,Senna,200,UTILITY,UTILITY,False
NA1_5494582711,1RcH2CyiGD-bNke3Ivrap4ywfOhilQFJwQSgPui5S1w14SIKB7FBTyKIKsAcnDhLrjSIl3prjgGZBg,50,Swain,100,UTILITY,UTILITY,False
NA1_5494582711,7pNNN8biEtn-Dp4xAJWJyUJiMp1Er8JERJtashGiTbtE-jY0KrUx75NdKPM4KzzyEfG4fEYcUxJKew,63,Brand,200,UTILITY,UTILITY,True
NA1_5494553427,GMzkz7-hO8VbkbY5mvA5lz-sRTdqokq4j6bTLJtopQNYvPrChF5dta242UUF1UOgKGc9s635HdokbQ,115,Ziggs,100,UTILITY,UTILITY,False
NA1_5494553427,VjhLEBz1_72ISvN95mF2wumFmsylSE6E2gKIsTX30X2feduTP34yu8Pd7BLqCKh2ANumP-mmUxmVfg,201,Braum,200,UTILITY,UTILITY,True
NA1_5494123482,KTR3gVr7eaujsLe6FkmxmRi321GlWkHbUi8c6HUkOc1pxjIJLytRQe59PFyLZCjfUzDXRDBNk8BFFA,235,Senna,100,UTILITY,UTILITY,False
NA1_5494123482,0ISYmKRA_M8D-CcdrQgrmU-351uYPJpW6o5xjd51-r9BvA6YPeiKK0Z2z-FvQROhwfylk44EtzH56g,143,Zyra,200,UTILITY,UTILITY,True
NA1_5489625550,g3Vq5VZfD14li3i89rFh8rvcOIjOjxrdrNnBtp2nZwDf_xX5azWnJhRrXtGzQvyaeLvN3jpBcElMYw,526,Rell,100,UTILITY,UTILITY,False
NA1_5489625550,WtLD9z2CDo-xuBiBwJuIn4ZG_HeaAB5yi3cXgOktefNiaazups_OdkJJuJE_iZ9hXQ76JG6WJSMRgg,147,Seraphine,200,UTILITY,UTILITY,True
NA1_5489199286,qAYoCWnU-25Pbrb5n3uuoddyMG9Ht8a8gE7yP-F8YqdYzNsY0V-V75VpsgoaCUUmp9gYB0LIduzTWA,99,Lux,100,UTILITY,UTILITY,True
NA1_5489199286,rB4BXAXJctE4TPCXV6Bax6MkVi6_ip-ReebXRzKUD-kRxstQF3mWc704DRzPHgMy22mSuyRZyBv-Qw,161,Velkoz,200,UTILITY,UTILITY,False
NA1_5546160738,CukqYxZwnklIlX6zr2BbW5YjrSveUEllC2wbYD7C3TaUr48tl4AloOD45hH-kvjMvzHE3o6ciN_nWg,111,Nautilus,100,UTILITY,UTILITY,True
NA1_5546160738,Rg_-yHzHkg3VVlyNCFUb95gk8Le58HDnmYo1V2_7Lv1Iz6T6_NMEoFAE46pSD0YtA6OUTRbHN52AaA,223,TahmKench,200,UTILITY,UTILITY,False
NA1_5543479574,Jvh6qNJo0eY2G9I8HENYFLTpfn7H-3ZQaz_2r4ap45yz7K2GVUkh7p0KTIV6qlcO1ywCE2NiZr4pCA,63,Brand,100,UTILITY,UTILITY,True
NA1_5543479574,PC5N3xOBXw6sGPFbiOtXObI2p80gIw00Se2W1SiUuOT_CABMOWPZMeZuzlFSS80xpkmQCLWB0QHaow,39,Irelia,200,UTILITY,UTILITY,False
NA1_5538981893,tgEIoKUQeLUXgG4XUWXlk_g9cLOEqS5vpVmZWyMMLLrRZvoEkRnQ7njN_eGmZwxlEpLje6fsrhPA0w,17,Teemo,100,UTILITY,UTILITY,False
NA1_5538981893,J3rpEU_SW6MbWNAOzW5cvpnSxPtW57oaeHLGbOJNNw3FecJd_sJJxYLFGQhWPp0O1hekPcSg-w8gFw,25,Morgana,200,UTILITY,UTILITY,True
